{
  "color": {
    "background": {
      "default": {
        "$type": "color",
        "$value": {
          "colorSpace": "srgb",
          "components": [
            1,
            1,
            1
          ],
          "alpha": 1,
          "hex": "#FFFFFF"
        },
        "$extensions": {
          "com.figma.variableId": "VariableID:17135:56543",
          "com.figma.hiddenFromPublishing": true,
          "com.figma.scopes": [
            "ALL_SCOPES"
          ],
          "com.figma.aliasData": {
            "targetVariableId": "VariableID:08bd673841027e49e0720f1be8ac7077ff38788c/82:1051",
            "targetVariableName": "color/gray/25",
            "targetVariableSetId": "VariableCollectionId:6e7ac02d57674b3b03de2e5ceafbc65ec7c30619/82:944",
            "targetVariableSetName": "Primitives (Color)"
          },
          "com.figma.isOverride": true
        }
      },
      "default-hover": {
        "$type": "color",
        "$value": {
          "colorSpace": "srgb",
          "components": [
            1,
            1,
            1
          ],
          "alpha": 1,
          "hex": "#FFFFFF"
        },
        "$extensions": {
          "com.figma.variableId": "VariableID:17135:56535",
          "com.figma.hiddenFromPublishing": true,
          "com.figma.scopes": [
            "ALL_SCOPES"
          ],
          "com.figma.aliasData": {
            "targetVariableId": "VariableID:08bd673841027e49e0720f1be8ac7077ff38788c/82:1051",
            "targetVariableName": "color/gray/25",
            "targetVariableSetId": "VariableCollectionId:6e7ac02d57674b3b03de2e5ceafbc65ec7c30619/82:944",
            "targetVariableSetName": "Primitives (Color)"
          },
          "com.figma.isOverride": true
        }
      },
      "subtle": {
        "$type": "color",
        "$value": {
          "colorSpace": "srgb",
          "components": [
            0.9725490212440491,
            0.9725490212440491,
            0.9725490212440491
          ],
          "alpha": 1,
          "hex": "#F8F8F8"
        },
        "$extensions": {
          "com.figma.variableId": "VariableID:17135:56539",
          "com.figma.hiddenFromPublishing": true,
          "com.figma.scopes": [
            "ALL_SCOPES"
          ],
          "com.figma.aliasData": {
            "targetVariableId": "VariableID:bc4c0b82465566af1ea6a5abf5e123a82aea8f5d/82:1004",
            "targetVariableName": "color/gray/50",
            "targetVariableSetId": "VariableCollectionId:6e7ac02d57674b3b03de2e5ceafbc65ec7c30619/82:944",
            "targetVariableSetName": "Primitives (Color)"
          },
          "com.figma.isOverride": true
        }
      },
      "knockout": {
        "$type": "color",
        "$value": {
          "colorSpace": "srgb",
          "components": [
            0,
            0,
            0
          ],
          "alpha": 1,
          "hex": "#000000"
        },
        "$description": "Placeholder token: awaiting design definition for final value",
        "$extensions": {
          "com.figma.variableId": "VariableID:17135:56503",
          "com.figma.hiddenFromPublishing": true,
          "com.figma.scopes": [
            "ALL_SCOPES"
          ],
          "com.figma.aliasData": {
            "targetVariableId": "VariableID:ada838e433f2af1eb3d4bef06f6f03db83d48875/-1:-1",
            "targetVariableName": "color/gray/1000",
            "targetVariableSetId": "VariableCollectionId:fdf1816f97e476e039b3ef2de68e13a2db903d1e/-1:-1",
            "targetVariableSetName": "Primitives / Color"
          },
          "com.figma.isOverride": true
        }
      },
      "brand": {
        "$type": "color",
        "$value": {
          "colorSpace": "srgb",
          "components": [
            0.9215686321258545,
            0.062745101749897,
            0
          ],
          "alpha": 1,
          "hex": "#EB1000"
        },
        "$description": "Placeholder token: awaiting design definition for final value",
        "$extensions": {
          "com.figma.variableId": "VariableID:17135:56502",
          "com.figma.hiddenFromPublishing": true,
          "com.figma.scopes": [
            "ALL_SCOPES"
          ],
          "com.figma.aliasData": {
            "targetVariableId": "VariableID:e19b87f5694bb374bfb120ac1e6005d259a8d08b/-1:-1",
            "targetVariableName": "color/brand/adobe-red",
            "targetVariableSetId": "VariableCollectionId:27a4206887fe2c99a83dde8d9268493c141504fc/-1:-1",
            "targetVariableSetName": "Semantic / Core"
          },
          "com.figma.isOverride": true
        }
      },
      "disabled": {
        "$type": "color",
        "$value": {
          "colorSpace": "srgb",
          "components": [
            0.9725490212440491,
            0.9725490212440491,
            0.9725490212440491
          ],
          "alpha": 1,
          "hex": "#F8F8F8"
        },
        "$description": "Placeholder token: awaiting design definition for final value",
        "$extensions": {
          "com.figma.variableId": "VariableID:18126:57726",
          "com.figma.hiddenFromPublishing": true,
          "com.figma.scopes": [
            "ALL_SCOPES"
          ],
          "com.figma.aliasData": {
            "targetVariableId": "VariableID:202424f62e521fdf1876c7f21a0c7c2e8a936e45/-1:-1",
            "targetVariableName": "color/gray/50",
            "targetVariableSetId": "VariableCollectionId:fdf1816f97e476e039b3ef2de68e13a2db903d1e/-1:-1",
            "targetVariableSetName": "Primitives / Color"
          },
          "com.figma.isOverride": true
        }
      },
      "utility": {
        "error": {
          "$type": "color",
          "$value": {
            "colorSpace": "srgb",
            "components": [
              0.843137264251709,
              0.19607843458652496,
              0.125490203499794
            ],
            "alpha": 1,
            "hex": "#D73220"
          },
          "$extensions": {
            "com.figma.variableId": "VariableID:17135:56500",
            "com.figma.hiddenFromPublishing": true,
            "com.figma.scopes": [
              "ALL_SCOPES"
            ],
            "com.figma.aliasData": {
              "targetVariableId": "VariableID:ba51b0b1128855c4575ef4df04fbb0d867b5325b/82:1101",
              "targetVariableName": "color/red/900",
              "targetVariableSetId": "VariableCollectionId:6e7ac02d57674b3b03de2e5ceafbc65ec7c30619/82:944",
              "targetVariableSetName": "Primitives (Color)"
            },
            "com.figma.isOverride": true
          }
        },
        "error-knockout": {
          "$type": "color",
          "$value": {
            "colorSpace": "srgb",
            "components": [
              1,
              1,
              1
            ],
            "alpha": 1,
            "hex": "#FFFFFF"
          },
          "$description": "Placeholder token: awaiting design definition for final value",
          "$extensions": {
            "com.figma.variableId": "VariableID:17135:56541",
            "com.figma.hiddenFromPublishing": true,
            "com.figma.scopes": [
              "ALL_SCOPES"
            ],
            "com.figma.isOverride": true
          }
        },
        "highlight": {
          "$type": "color",
          "$value": {
            "colorSpace": "srgb",
            "components": [
              1,
              1,
              1
            ],
            "alpha": 1,
            "hex": "#FFFFFF"
          },
          "$description": "Placeholder token: awaiting design definition for final value",
          "$extensions": {
            "com.figma.variableId": "VariableID:17135:56538",
            "com.figma.hiddenFromPublishing": true,
            "com.figma.scopes": [
              "ALL_SCOPES"
            ],
            "com.figma.isOverride": true
          }
        },
        "highlight-knockout": {
          "$type": "color",
          "$value": {
            "colorSpace": "srgb",
            "components": [
              1,
              1,
              1
            ],
            "alpha": 1,
            "hex": "#FFFFFF"
          },
          "$description": "Placeholder token: awaiting design definition for final value",
          "$extensions": {
            "com.figma.variableId": "VariableID:17135:56536",
            "com.figma.hiddenFromPublishing": true,
            "com.figma.scopes": [
              "ALL_SCOPES"
            ],
            "com.figma.isOverride": true
          }
        },
        "info": {
          "$type": "color",
          "$value": {
            "colorSpace": "srgb",
            "components": [
              1,
              1,
              1
            ],
            "alpha": 1,
            "hex": "#FFFFFF"
          },
          "$description": "Placeholder token: awaiting design definition for final value",
          "$extensions": {
            "com.figma.variableId": "VariableID:17135:56534",
            "com.figma.hiddenFromPublishing": true,
            "com.figma.scopes": [
              "ALL_SCOPES"
            ],
            "com.figma.isOverride": true
          }
        },
        "info-knockout": {
          "$type": "color",
          "$value": {
            "colorSpace": "srgb",
            "components": [
              1,
              1,
              1
            ],
            "alpha": 1,
            "hex": "#FFFFFF"
          },
          "$description": "Placeholder token: awaiting design definition for final value",
          "$extensions": {
            "com.figma.variableId": "VariableID:17135:56533",
            "com.figma.hiddenFromPublishing": true,
            "com.figma.scopes": [
              "ALL_SCOPES"
            ],
            "com.figma.isOverride": true
          }
        },
        "success": {
          "$type": "color",
          "$value": {
            "colorSpace": "srgb",
            "components": [
              1,
              1,
              1
            ],
            "alpha": 1,
            "hex": "#FFFFFF"
          },
          "$description": "Placeholder token: awaiting design definition for final value",
          "$extensions": {
            "com.figma.variableId": "VariableID:17135:56531",
            "com.figma.hiddenFromPublishing": true,
            "com.figma.scopes": [
              "ALL_SCOPES"
            ],
            "com.figma.isOverride": true
          }
        },
        "success-knockout": {
          "$type": "color",
          "$value": {
            "colorSpace": "srgb",
            "components": [
              1,
              1,
              1
            ],
            "alpha": 1,
            "hex": "#FFFFFF"
          },
          "$description": "Placeholder token: awaiting design definition for final value",
          "$extensions": {
            "com.figma.variableId": "VariableID:17135:56523",
            "com.figma.hiddenFromPublishing": true,
            "com.figma.scopes": [
              "ALL_SCOPES"
            ],
            "com.figma.isOverride": true
          }
        },
        "warning": {
          "$type": "color",
          "$value": {
            "colorSpace": "srgb",
            "components": [
              1,
              1,
              1
            ],
            "alpha": 1,
            "hex": "#FFFFFF"
          },
          "$description": "Placeholder token: awaiting design definition for final value",
          "$extensions": {
            "com.figma.variableId": "VariableID:17135:56520",
            "com.figma.hiddenFromPublishing": true,
            "com.figma.scopes": [
              "ALL_SCOPES"
            ],
            "com.figma.isOverride": true
          }
        },
        "warning-knockout": {
          "$type": "color",
          "$value": {
            "colorSpace": "srgb",
            "components": [
              1,
              1,
              1
            ],
            "alpha": 1,
            "hex": "#FFFFFF"
          },
          "$description": "Placeholder token: awaiting design definition for final value",
          "$extensions": {
            "com.figma.variableId": "VariableID:17135:56537",
            "com.figma.hiddenFromPublishing": true,
            "com.figma.scopes": [
              "ALL_SCOPES"
            ],
            "com.figma.isOverride": true
          }
        }
      }
    },
    "border": {
      "default": {
        "$type": "color",
        "$value": {
          "colorSpace": "srgb",
          "components": [
            0.16078431904315948,
            0.16078431904315948,
            0.16078431904315948
          ],
          "alpha": 1,
          "hex": "#292929"
        },
        "$description": "Placeholder token: awaiting design definition for final value",
        "$extensions": {
          "com.figma.variableId": "VariableID:17135:56528",
          "com.figma.hiddenFromPublishing": true,
          "com.figma.scopes": [
            "ALL_SCOPES"
          ],
          "com.figma.aliasData": {
            "targetVariableId": "VariableID:1a0d6ad18b49bf7e1f4d47fdcbd0440e1044a25f/-1:-1",
            "targetVariableName": "color/gray/800",
            "targetVariableSetId": "VariableCollectionId:fdf1816f97e476e039b3ef2de68e13a2db903d1e/-1:-1",
            "targetVariableSetName": "Primitives / Color"
          },
          "com.figma.isOverride": true
        }
      },
      "default-hover": {
        "$type": "color",
        "$value": {
          "colorSpace": "srgb",
          "components": [
            0.07450980693101883,
            0.07450980693101883,
            0.07450980693101883
          ],
          "alpha": 1,
          "hex": "#131313"
        },
        "$description": "Placeholder token: awaiting design definition for final value",
        "$extensions": {
          "com.figma.variableId": "VariableID:17135:56522",
          "com.figma.hiddenFromPublishing": true,
          "com.figma.scopes": [
            "ALL_SCOPES"
          ],
          "com.figma.aliasData": {
            "targetVariableId": "VariableID:d03172844429d8a2ccfccc4ddf27199cae6e7c08/-1:-1",
            "targetVariableName": "color/gray/900",
            "targetVariableSetId": "VariableCollectionId:fdf1816f97e476e039b3ef2de68e13a2db903d1e/-1:-1",
            "targetVariableSetName": "Primitives / Color"
          },
          "com.figma.isOverride": true
        }
      },
      "subtle": {
        "$type": "color",
        "$value": {
          "colorSpace": "srgb",
          "components": [
            0.8549019694328308,
            0.8549019694328308,
            0.8549019694328308
          ],
          "alpha": 1,
          "hex": "#DADADA"
        },
        "$description": "Placeholder token: awaiting design definition for final value",
        "$extensions": {
          "com.figma.variableId": "VariableID:17135:56527",
          "com.figma.hiddenFromPublishing": true,
          "com.figma.scopes": [
            "ALL_SCOPES"
          ],
          "com.figma.aliasData": {
            "targetVariableId": "VariableID:7f289f619345fd4f036df21c47fd11003db2752d/-1:-1",
            "targetVariableName": "color/gray/300",
            "targetVariableSetId": "VariableCollectionId:fdf1816f97e476e039b3ef2de68e13a2db903d1e/-1:-1",
            "targetVariableSetName": "Primitives / Color"
          },
          "com.figma.isOverride": true
        }
      },
      "strong": {
        "$type": "color",
        "$value": {
          "colorSpace": "srgb",
          "components": [
            0.07450980693101883,
            0.07450980693101883,
            0.07450980693101883
          ],
          "alpha": 1,
          "hex": "#131313"
        },
        "$description": "Placeholder token: awaiting design definition for final value",
        "$extensions": {
          "com.figma.variableId": "VariableID:17135:56519",
          "com.figma.hiddenFromPublishing": true,
          "com.figma.scopes": [
            "ALL_SCOPES"
          ],
          "com.figma.aliasData": {
            "targetVariableId": "VariableID:d03172844429d8a2ccfccc4ddf27199cae6e7c08/-1:-1",
            "targetVariableName": "color/gray/900",
            "targetVariableSetId": "VariableCollectionId:fdf1816f97e476e039b3ef2de68e13a2db903d1e/-1:-1",
            "targetVariableSetName": "Primitives / Color"
          },
          "com.figma.isOverride": true
        }
      },
      "knockout": {
        "$type": "color",
        "$value": {
          "colorSpace": "srgb",
          "components": [
            1,
            1,
            1
          ],
          "alpha": 1,
          "hex": "#FFFFFF"
        },
        "$description": "Placeholder token: awaiting design definition for final value",
        "$extensions": {
          "com.figma.variableId": "VariableID:17135:56517",
          "com.figma.hiddenFromPublishing": true,
          "com.figma.scopes": [
            "ALL_SCOPES"
          ],
          "com.figma.aliasData": {
            "targetVariableId": "VariableID:4f8df863fc70b792c94920cdc80ec40acc2f1708/-1:-1",
            "targetVariableName": "color/gray/25",
            "targetVariableSetId": "VariableCollectionId:fdf1816f97e476e039b3ef2de68e13a2db903d1e/-1:-1",
            "targetVariableSetName": "Primitives / Color"
          },
          "com.figma.isOverride": true
        }
      },
      "brand": {
        "$type": "color",
        "$value": {
          "colorSpace": "srgb",
          "components": [
            0.9215686321258545,
            0.062745101749897,
            0
          ],
          "alpha": 1,
          "hex": "#EB1000"
        },
        "$description": "Placeholder token: awaiting design definition for final value",
        "$extensions": {
          "com.figma.variableId": "VariableID:17135:56514",
          "com.figma.hiddenFromPublishing": true,
          "com.figma.scopes": [
            "ALL_SCOPES"
          ],
          "com.figma.aliasData": {
            "targetVariableId": "VariableID:e19b87f5694bb374bfb120ac1e6005d259a8d08b/-1:-1",
            "targetVariableName": "color/brand/adobe-red",
            "targetVariableSetId": "VariableCollectionId:27a4206887fe2c99a83dde8d9268493c141504fc/-1:-1",
            "targetVariableSetName": "Semantic / Core"
          },
          "com.figma.isOverride": true
        }
      },
      "disabled": {
        "$type": "color",
        "$value": {
          "colorSpace": "srgb",
          "components": [
            0.7764706015586853,
            0.7764706015586853,
            0.7764706015586853
          ],
          "alpha": 1,
          "hex": "#C6C6C6"
        },
        "$description": "Placeholder token: awaiting design definition for final value",
        "$extensions": {
          "com.figma.variableId": "VariableID:17135:56529",
          "com.figma.hiddenFromPublishing": true,
          "com.figma.scopes": [
            "ALL_SCOPES"
          ],
          "com.figma.aliasData": {
            "targetVariableId": "VariableID:9b3fd5ac8bc5f427bfe2d78e2baed80902231575/-1:-1",
            "targetVariableName": "color/gray/400",
            "targetVariableSetId": "VariableCollectionId:fdf1816f97e476e039b3ef2de68e13a2db903d1e/-1:-1",
            "targetVariableSetName": "Primitives / Color"
          },
          "com.figma.isOverride": true
        }
      },
      "utility": {
        "error": {
          "$type": "color",
          "$value": {
            "colorSpace": "srgb",
            "components": [
              0.843137264251709,
              0.19607843458652496,
              0.125490203499794
            ],
            "alpha": 1,
            "hex": "#D73220"
          },
          "$description": "Placeholder token: awaiting design definition for final value",
          "$extensions": {
            "com.figma.variableId": "VariableID:17135:56532",
            "com.figma.hiddenFromPublishing": true,
            "com.figma.scopes": [
              "ALL_SCOPES"
            ],
            "com.figma.aliasData": {
              "targetVariableId": "VariableID:378e5da625b6647402079caf04386b24ba48aa4b/-1:-1",
              "targetVariableName": "color/red/900",
              "targetVariableSetId": "VariableCollectionId:fdf1816f97e476e039b3ef2de68e13a2db903d1e/-1:-1",
              "targetVariableSetName": "Primitives / Color"
            },
            "com.figma.isOverride": true
          }
        }
      }
    },
    "content": {
      "default": {
        "$type": "color",
        "$value": {
          "colorSpace": "srgb",
          "components": [
            0.16078431904315948,
            0.16078431904315948,
            0.16078431904315948
          ],
          "alpha": 1,
          "hex": "#292929"
        },
        "$description": "Placeholder token: awaiting design definition for final value",
        "$extensions": {
          "com.figma.variableId": "VariableID:17135:56510",
          "com.figma.hiddenFromPublishing": true,
          "com.figma.scopes": [
            "ALL_SCOPES"
          ],
          "com.figma.aliasData": {
            "targetVariableId": "VariableID:92a6e6a05a86063f05a339332576a8fd91478aa5/82:1081",
            "targetVariableName": "color/gray/800",
            "targetVariableSetId": "VariableCollectionId:6e7ac02d57674b3b03de2e5ceafbc65ec7c30619/82:944",
            "targetVariableSetName": "Primitives (Color)"
          },
          "com.figma.isOverride": true
        }
      },
      "default-hover": {
        "$type": "color",
        "$value": {
          "colorSpace": "srgb",
          "components": [
            0.07450980693101883,
            0.07450980693101883,
            0.07450980693101883
          ],
          "alpha": 1,
          "hex": "#131313"
        },
        "$extensions": {
          "com.figma.variableId": "VariableID:17135:56509",
          "com.figma.hiddenFromPublishing": true,
          "com.figma.scopes": [
            "ALL_SCOPES"
          ],
          "com.figma.aliasData": {
            "targetVariableId": "VariableID:67e7b9b08aacc7a68f15b49e86108e238f2d83bf/82:1082",
            "targetVariableName": "color/gray/900",
            "targetVariableSetId": "VariableCollectionId:6e7ac02d57674b3b03de2e5ceafbc65ec7c30619/82:944",
            "targetVariableSetName": "Primitives (Color)"
          },
          "com.figma.isOverride": true
        }
      },
      "subtle": {
        "$type": "color",
        "$value": {
          "colorSpace": "srgb",
          "components": [
            0.3137255012989044,
            0.3137255012989044,
            0.3137255012989044
          ],
          "alpha": 1,
          "hex": "#505050"
        },
        "$extensions": {
          "com.figma.variableId": "VariableID:17135:56508",
          "com.figma.hiddenFromPublishing": true,
          "com.figma.scopes": [
            "ALL_SCOPES"
          ],
          "com.figma.aliasData": {
            "targetVariableId": "VariableID:e91b4ad5b9cb11925ea9187e319cf6bc78137d62/82:1080",
            "targetVariableName": "color/gray/700",
            "targetVariableSetId": "VariableCollectionId:6e7ac02d57674b3b03de2e5ceafbc65ec7c30619/82:944",
            "targetVariableSetName": "Primitives (Color)"
          },
          "com.figma.isOverride": true
        }
      },
      "subtle-hover": {
        "$type": "color",
        "$value": {
          "colorSpace": "srgb",
          "components": [
            0.16078431904315948,
            0.16078431904315948,
            0.16078431904315948
          ],
          "alpha": 1,
          "hex": "#292929"
        },
        "$extensions": {
          "com.figma.variableId": "VariableID:17135:56507",
          "com.figma.hiddenFromPublishing": true,
          "com.figma.scopes": [
            "ALL_SCOPES"
          ],
          "com.figma.aliasData": {
            "targetVariableId": "VariableID:92a6e6a05a86063f05a339332576a8fd91478aa5/82:1081",
            "targetVariableName": "color/gray/800",
            "targetVariableSetId": "VariableCollectionId:6e7ac02d57674b3b03de2e5ceafbc65ec7c30619/82:944",
            "targetVariableSetName": "Primitives (Color)"
          },
          "com.figma.isOverride": true
        }
      },
      "knockout": {
        "$type": "color",
        "$value": {
          "colorSpace": "srgb",
          "components": [
            1,
            1,
            1
          ],
          "alpha": 1,
          "hex": "#FFFFFF"
        },
        "$extensions": {
          "com.figma.variableId": "VariableID:17135:56542",
          "com.figma.hiddenFromPublishing": true,
          "com.figma.scopes": [
            "ALL_SCOPES"
          ],
          "com.figma.aliasData": {
            "targetVariableId": "VariableID:08bd673841027e49e0720f1be8ac7077ff38788c/82:1051",
            "targetVariableName": "color/gray/25",
            "targetVariableSetId": "VariableCollectionId:6e7ac02d57674b3b03de2e5ceafbc65ec7c30619/82:944",
            "targetVariableSetName": "Primitives (Color)"
          },
          "com.figma.isOverride": true
        }
      },
      "brand": {
        "$type": "color",
        "$value": {
          "colorSpace": "srgb",
          "components": [
            0.9215686321258545,
            0.062745101749897,
            0
          ],
          "alpha": 1,
          "hex": "#EB1000"
        },
        "$extensions": {
          "com.figma.variableId": "VariableID:17135:56506",
          "com.figma.hiddenFromPublishing": true,
          "com.figma.scopes": [
            "ALL_SCOPES"
          ],
          "com.figma.aliasData": {
            "targetVariableId": "VariableID:a025870b8e3ac43992844d292283a8b9b439aae7/40:24",
            "targetVariableName": "color/brand/adobe-red",
            "targetVariableSetId": "VariableCollectionId:973e742b9219b09ddd242f148a68d0bf608baeeb/4:142",
            "targetVariableSetName": "Semantic"
          },
          "com.figma.isOverride": true
        }
      },
      "disabled": {
        "$type": "color",
        "$value": {
          "colorSpace": "srgb",
          "components": [
            0.7764706015586853,
            0.7764706015586853,
            0.7764706015586853
          ],
          "alpha": 1,
          "hex": "#C6C6C6"
        },
        "$extensions": {
          "com.figma.variableId": "VariableID:17135:56504",
          "com.figma.hiddenFromPublishing": true,
          "com.figma.scopes": [
            "ALL_SCOPES"
          ],
          "com.figma.aliasData": {
            "targetVariableId": "VariableID:539903a1eb329fb9e1140247c10ef20b540b1ced/82:964",
            "targetVariableName": "color/gray/400",
            "targetVariableSetId": "VariableCollectionId:6e7ac02d57674b3b03de2e5ceafbc65ec7c30619/82:944",
            "targetVariableSetName": "Primitives (Color)"
          },
          "com.figma.isOverride": true
        }
      },
      "utility": {
        "error": {
          "$type": "color",
          "$value": {
            "colorSpace": "srgb",
            "components": [
              0.843137264251709,
              0.19607843458652496,
              0.125490203499794
            ],
            "alpha": 1,
            "hex": "#D73220"
          },
          "$extensions": {
            "com.figma.variableId": "VariableID:17135:56505",
            "com.figma.hiddenFromPublishing": true,
            "com.figma.scopes": [
              "ALL_SCOPES"
            ],
            "com.figma.aliasData": {
              "targetVariableId": "VariableID:ba51b0b1128855c4575ef4df04fbb0d867b5325b/82:1101",
              "targetVariableName": "color/red/900",
              "targetVariableSetId": "VariableCollectionId:6e7ac02d57674b3b03de2e5ceafbc65ec7c30619/82:944",
              "targetVariableSetName": "Primitives (Color)"
            },
            "com.figma.isOverride": true
          }
        }
      }
    }
  },
  "$extensions": {
    "com.figma.modeName": "Light"
  }
}