{
  "border": {
    "radius": {
      "0": {
        "$type": "number",
        "$value": 0,
        "$extensions": {
          "com.figma.variableId": "VariableID:17135:55603",
          "com.figma.hiddenFromPublishing": true,
          "com.figma.isOverride": true
        }
      },
      "2": {
        "$type": "number",
        "$value": 2,
        "$extensions": {
          "com.figma.variableId": "VariableID:17135:55570",
          "com.figma.hiddenFromPublishing": true,
          "com.figma.isOverride": true
        }
      },
      "4": {
        "$type": "number",
        "$value": 4,
        "$extensions": {
          "com.figma.variableId": "VariableID:17135:55513",
          "com.figma.hiddenFromPublishing": true,
          "com.figma.isOverride": true
        }
      },
      "8": {
        "$type": "number",
        "$value": 8,
        "$extensions": {
          "com.figma.variableId": "VariableID:17135:55593",
          "com.figma.hiddenFromPublishing": true,
          "com.figma.isOverride": true
        }
      },
      "16": {
        "$type": "number",
        "$value": 16,
        "$extensions": {
          "com.figma.variableId": "VariableID:17135:55544",
          "com.figma.hiddenFromPublishing": true,
          "com.figma.isOverride": true
        }
      },
      "32": {
        "$type": "number",
        "$value": 32,
        "$extensions": {
          "com.figma.variableId": "VariableID:17135:55597",
          "com.figma.hiddenFromPublishing": true,
          "com.figma.isOverride": true
        }
      },
      "999": {
        "$type": "number",
        "$value": 999,
        "$extensions": {
          "com.figma.variableId": "VariableID:17135:55599",
          "com.figma.hiddenFromPublishing": true,
          "com.figma.isOverride": true
        }
      }
    },
    "width": {
      "0": {
        "$type": "number",
        "$value": 0,
        "$extensions": {
          "com.figma.variableId": "VariableID:17135:55507",
          "com.figma.hiddenFromPublishing": true,
          "com.figma.isOverride": true
        }
      },
      "1": {
        "$type": "number",
        "$value": 1,
        "$extensions": {
          "com.figma.variableId": "VariableID:17316:75309",
          "com.figma.hiddenFromPublishing": true,
          "com.figma.isOverride": true
        }
      },
      "2": {
        "$type": "number",
        "$value": 2,
        "$extensions": {
          "com.figma.variableId": "VariableID:17135:55518",
          "com.figma.hiddenFromPublishing": true,
          "com.figma.isOverride": true
        }
      },
      "4": {
        "$type": "number",
        "$value": 4,
        "$extensions": {
          "com.figma.variableId": "VariableID:17135:55522",
          "com.figma.hiddenFromPublishing": true,
          "com.figma.isOverride": true
        }
      },
      "8": {
        "$type": "number",
        "$value": 8,
        "$extensions": {
          "com.figma.variableId": "VariableID:17135:55586",
          "com.figma.hiddenFromPublishing": true,
          "com.figma.isOverride": true
        }
      }
    }
  },
  "opacity": {
    "12": {
      "$type": "number",
      "$value": 12,
      "$extensions": {
        "com.figma.variableId": "VariableID:17135:55575",
        "com.figma.hiddenFromPublishing": true,
        "com.figma.scopes": [
          "ALL_SCOPES"
        ],
        "com.figma.isOverride": true
      }
    },
    "16": {
      "$type": "number",
      "$value": 16,
      "$extensions": {
        "com.figma.variableId": "VariableID:17135:55568",
        "com.figma.hiddenFromPublishing": true,
        "com.figma.scopes": [
          "ALL_SCOPES"
        ],
        "com.figma.isOverride": true
      }
    },
    "24": {
      "$type": "number",
      "$value": 24,
      "$extensions": {
        "com.figma.variableId": "VariableID:17135:55600",
        "com.figma.hiddenFromPublishing": true,
        "com.figma.scopes": [
          "ALL_SCOPES"
        ],
        "com.figma.isOverride": true
      }
    },
    "32": {
      "$type": "number",
      "$value": 32,
      "$extensions": {
        "com.figma.variableId": "VariableID:17135:55590",
        "com.figma.hiddenFromPublishing": true,
        "com.figma.scopes": [
          "ALL_SCOPES"
        ],
        "com.figma.isOverride": true
      }
    },
    "48": {
      "$type": "number",
      "$value": 48,
      "$extensions": {
        "com.figma.variableId": "VariableID:17135:55608",
        "com.figma.hiddenFromPublishing": true,
        "com.figma.scopes": [
          "ALL_SCOPES"
        ],
        "com.figma.isOverride": true
      }
    },
    "64": {
      "$type": "number",
      "$value": 64,
      "$extensions": {
        "com.figma.variableId": "VariableID:17135:55569",
        "com.figma.hiddenFromPublishing": true,
        "com.figma.scopes": [
          "ALL_SCOPES"
        ],
        "com.figma.isOverride": true
      }
    },
    "72": {
      "$type": "number",
      "$value": 72,
      "$extensions": {
        "com.figma.variableId": "VariableID:17135:55566",
        "com.figma.hiddenFromPublishing": true,
        "com.figma.scopes": [
          "ALL_SCOPES"
        ],
        "com.figma.isOverride": true
      }
    },
    "84": {
      "$type": "number",
      "$value": 84,
      "$extensions": {
        "com.figma.variableId": "VariableID:17135:55589",
        "com.figma.hiddenFromPublishing": true,
        "com.figma.scopes": [
          "ALL_SCOPES"
        ],
        "com.figma.isOverride": true
      }
    },
    "96": {
      "$type": "number",
      "$value": 96,
      "$extensions": {
        "com.figma.variableId": "VariableID:17274:71963",
        "com.figma.hiddenFromPublishing": true,
        "com.figma.scopes": [
          "ALL_SCOPES"
        ],
        "com.figma.isOverride": true
      }
    },
    "100": {
      "$type": "number",
      "$value": 100,
      "$extensions": {
        "com.figma.variableId": "VariableID:17135:55564",
        "com.figma.hiddenFromPublishing": true,
        "com.figma.scopes": [
          "ALL_SCOPES"
        ],
        "com.figma.isOverride": true
      }
    },
    "00": {
      "$type": "number",
      "$value": 0,
      "$extensions": {
        "com.figma.variableId": "VariableID:17135:55577",
        "com.figma.hiddenFromPublishing": true,
        "com.figma.scopes": [
          "ALL_SCOPES"
        ],
        "com.figma.isOverride": true
      }
    },
    "04": {
      "$type": "number",
      "$value": 4,
      "$extensions": {
        "com.figma.variableId": "VariableID:17274:71949",
        "com.figma.hiddenFromPublishing": true,
        "com.figma.scopes": [
          "ALL_SCOPES"
        ],
        "com.figma.isOverride": true
      }
    },
    "08": {
      "$type": "number",
      "$value": 8,
      "$extensions": {
        "com.figma.variableId": "VariableID:17135:55587",
        "com.figma.hiddenFromPublishing": true,
        "com.figma.scopes": [
          "ALL_SCOPES"
        ],
        "com.figma.isOverride": true
      }
    }
  },
  "shadow": {
    "level-1": {
      "x": {
        "$type": "number",
        "$value": 0,
        "$extensions": {
          "com.figma.variableId": "VariableID:17135:55523",
          "com.figma.hiddenFromPublishing": true,
          "com.figma.scopes": [
            "EFFECT_FLOAT"
          ],
          "com.figma.isOverride": true
        }
      },
      "y": {
        "$type": "number",
        "$value": 1,
        "$extensions": {
          "com.figma.variableId": "VariableID:17135:55595",
          "com.figma.hiddenFromPublishing": true,
          "com.figma.scopes": [
            "EFFECT_FLOAT"
          ],
          "com.figma.isOverride": true
        }
      },
      "blur": {
        "$type": "number",
        "$value": 6,
        "$extensions": {
          "com.figma.variableId": "VariableID:17135:55548",
          "com.figma.hiddenFromPublishing": true,
          "com.figma.scopes": [
            "EFFECT_FLOAT"
          ],
          "com.figma.isOverride": true
        }
      },
      "spread": {
        "$type": "number",
        "$value": 0,
        "$extensions": {
          "com.figma.variableId": "VariableID:17135:55541",
          "com.figma.hiddenFromPublishing": true,
          "com.figma.scopes": [
            "EFFECT_FLOAT"
          ],
          "com.figma.isOverride": true
        }
      },
      "color": {
        "$type": "color",
        "$value": {
          "colorSpace": "srgb",
          "components": [
            0,
            0,
            0
          ],
          "alpha": 0.11999999731779099,
          "hex": "#000000"
        },
        "$extensions": {
          "com.figma.variableId": "VariableID:17135:55562",
          "com.figma.hiddenFromPublishing": true,
          "com.figma.scopes": [
            "EFFECT_COLOR"
          ],
          "com.figma.aliasData": {
            "targetVariableId": "VariableID:18abc0fd5e931771665e0d59c02d335419e9a00d/-1:-1",
            "targetVariableName": "color/transparent/black/12",
            "targetVariableSetId": "VariableCollectionId:fdf1816f97e476e039b3ef2de68e13a2db903d1e/-1:-1",
            "targetVariableSetName": "Primitives / Color"
          },
          "com.figma.isOverride": true
        }
      }
    },
    "level-2": {
      "x": {
        "$type": "number",
        "$value": 0,
        "$extensions": {
          "com.figma.variableId": "VariableID:17135:55543",
          "com.figma.hiddenFromPublishing": true,
          "com.figma.scopes": [
            "EFFECT_FLOAT"
          ],
          "com.figma.isOverride": true
        }
      },
      "y": {
        "$type": "number",
        "$value": 2,
        "$extensions": {
          "com.figma.variableId": "VariableID:17135:55560",
          "com.figma.hiddenFromPublishing": true,
          "com.figma.scopes": [
            "EFFECT_FLOAT"
          ],
          "com.figma.isOverride": true
        }
      },
      "blur": {
        "$type": "number",
        "$value": 8,
        "$extensions": {
          "com.figma.variableId": "VariableID:17135:55526",
          "com.figma.hiddenFromPublishing": true,
          "com.figma.scopes": [
            "EFFECT_FLOAT"
          ],
          "com.figma.isOverride": true
        }
      },
      "spread": {
        "$type": "number",
        "$value": 0,
        "$extensions": {
          "com.figma.variableId": "VariableID:17135:55556",
          "com.figma.hiddenFromPublishing": true,
          "com.figma.scopes": [
            "EFFECT_FLOAT"
          ],
          "com.figma.isOverride": true
        }
      },
      "color": {
        "$type": "color",
        "$value": {
          "colorSpace": "srgb",
          "components": [
            0,
            0,
            0
          ],
          "alpha": 0.1599999964237213,
          "hex": "#000000"
        },
        "$extensions": {
          "com.figma.variableId": "VariableID:17135:55585",
          "com.figma.hiddenFromPublishing": true,
          "com.figma.scopes": [
            "EFFECT_COLOR"
          ],
          "com.figma.aliasData": {
            "targetVariableId": "VariableID:f2eb7117c8b7ea21ba53d1efdb2a3277f9fa4a58/-1:-1",
            "targetVariableName": "color/transparent/black/16",
            "targetVariableSetId": "VariableCollectionId:fdf1816f97e476e039b3ef2de68e13a2db903d1e/-1:-1",
            "targetVariableSetName": "Primitives / Color"
          },
          "com.figma.isOverride": true
        }
      }
    },
    "level-3": {
      "x": {
        "$type": "number",
        "$value": 0,
        "$extensions": {
          "com.figma.variableId": "VariableID:17135:55558",
          "com.figma.hiddenFromPublishing": true,
          "com.figma.scopes": [
            "EFFECT_FLOAT"
          ],
          "com.figma.isOverride": true
        }
      },
      "y": {
        "$type": "number",
        "$value": 4,
        "$extensions": {
          "com.figma.variableId": "VariableID:17135:55555",
          "com.figma.hiddenFromPublishing": true,
          "com.figma.scopes": [
            "EFFECT_FLOAT"
          ],
          "com.figma.isOverride": true
        }
      },
      "blur": {
        "$type": "number",
        "$value": 12,
        "$extensions": {
          "com.figma.variableId": "VariableID:17135:55524",
          "com.figma.hiddenFromPublishing": true,
          "com.figma.scopes": [
            "EFFECT_FLOAT"
          ],
          "com.figma.isOverride": true
        }
      },
      "spread": {
        "$type": "number",
        "$value": 0,
        "$extensions": {
          "com.figma.variableId": "VariableID:17135:55584",
          "com.figma.hiddenFromPublishing": true,
          "com.figma.scopes": [
            "EFFECT_FLOAT"
          ],
          "com.figma.isOverride": true
        }
      },
      "color": {
        "$type": "color",
        "$value": {
          "colorSpace": "srgb",
          "components": [
            0,
            0,
            0
          ],
          "alpha": 0.1599999964237213,
          "hex": "#000000"
        },
        "$extensions": {
          "com.figma.variableId": "VariableID:17135:55530",
          "com.figma.hiddenFromPublishing": true,
          "com.figma.scopes": [
            "EFFECT_COLOR"
          ],
          "com.figma.aliasData": {
            "targetVariableId": "VariableID:f2eb7117c8b7ea21ba53d1efdb2a3277f9fa4a58/-1:-1",
            "targetVariableName": "color/transparent/black/16",
            "targetVariableSetId": "VariableCollectionId:fdf1816f97e476e039b3ef2de68e13a2db903d1e/-1:-1",
            "targetVariableSetName": "Primitives / Color"
          },
          "com.figma.isOverride": true
        }
      }
    },
    "level-4": {
      "x": {
        "$type": "number",
        "$value": 0,
        "$extensions": {
          "com.figma.variableId": "VariableID:17135:55549",
          "com.figma.hiddenFromPublishing": true,
          "com.figma.scopes": [
            "EFFECT_FLOAT"
          ],
          "com.figma.isOverride": true
        }
      },
      "y": {
        "$type": "number",
        "$value": 6,
        "$extensions": {
          "com.figma.variableId": "VariableID:17135:55547",
          "com.figma.hiddenFromPublishing": true,
          "com.figma.scopes": [
            "EFFECT_FLOAT"
          ],
          "com.figma.isOverride": true
        }
      },
      "blur": {
        "$type": "number",
        "$value": 16,
        "$extensions": {
          "com.figma.variableId": "VariableID:17135:55546",
          "com.figma.hiddenFromPublishing": true,
          "com.figma.scopes": [
            "EFFECT_FLOAT"
          ],
          "com.figma.isOverride": true
        }
      },
      "spread": {
        "$type": "number",
        "$value": 0,
        "$extensions": {
          "com.figma.variableId": "VariableID:17135:55545",
          "com.figma.hiddenFromPublishing": true,
          "com.figma.scopes": [
            "EFFECT_FLOAT"
          ],
          "com.figma.isOverride": true
        }
      },
      "color": {
        "$type": "color",
        "$value": {
          "colorSpace": "srgb",
          "components": [
            0,
            0,
            0
          ],
          "alpha": 0.1599999964237213,
          "hex": "#000000"
        },
        "$extensions": {
          "com.figma.variableId": "VariableID:17135:55573",
          "com.figma.hiddenFromPublishing": true,
          "com.figma.scopes": [
            "EFFECT_COLOR"
          ],
          "com.figma.aliasData": {
            "targetVariableId": "VariableID:f2eb7117c8b7ea21ba53d1efdb2a3277f9fa4a58/-1:-1",
            "targetVariableName": "color/transparent/black/16",
            "targetVariableSetId": "VariableCollectionId:fdf1816f97e476e039b3ef2de68e13a2db903d1e/-1:-1",
            "targetVariableSetName": "Primitives / Color"
          },
          "com.figma.isOverride": true
        }
      }
    }
  },
  "spacing": {
    "0": {
      "$type": "number",
      "$value": 0,
      "$extensions": {
        "com.figma.variableId": "VariableID:17135:55572",
        "com.figma.hiddenFromPublishing": true,
        "com.figma.scopes": [
          "WIDTH_HEIGHT",
          "GAP"
        ],
        "com.figma.isOverride": true
      }
    },
    "2": {
      "$type": "number",
      "$value": 2,
      "$extensions": {
        "com.figma.variableId": "VariableID:17135:55578",
        "com.figma.hiddenFromPublishing": true,
        "com.figma.scopes": [
          "WIDTH_HEIGHT",
          "GAP"
        ],
        "com.figma.isOverride": true
      }
    },
    "4": {
      "$type": "number",
      "$value": 4,
      "$extensions": {
        "com.figma.variableId": "VariableID:17135:55542",
        "com.figma.hiddenFromPublishing": true,
        "com.figma.scopes": [
          "WIDTH_HEIGHT",
          "GAP"
        ],
        "com.figma.isOverride": true
      }
    },
    "8": {
      "$type": "number",
      "$value": 8,
      "$extensions": {
        "com.figma.variableId": "VariableID:17135:55552",
        "com.figma.hiddenFromPublishing": true,
        "com.figma.scopes": [
          "WIDTH_HEIGHT",
          "GAP"
        ],
        "com.figma.isOverride": true
      }
    },
    "12": {
      "$type": "number",
      "$value": 12,
      "$extensions": {
        "com.figma.variableId": "VariableID:17135:55539",
        "com.figma.hiddenFromPublishing": true,
        "com.figma.scopes": [
          "WIDTH_HEIGHT",
          "GAP"
        ],
        "com.figma.isOverride": true
      }
    },
    "16": {
      "$type": "number",
      "$value": 16,
      "$extensions": {
        "com.figma.variableId": "VariableID:17135:55511",
        "com.figma.hiddenFromPublishing": true,
        "com.figma.scopes": [
          "WIDTH_HEIGHT",
          "GAP"
        ],
        "com.figma.isOverride": true
      }
    },
    "20": {
      "$type": "number",
      "$value": 20,
      "$extensions": {
        "com.figma.variableId": "VariableID:18587:2895",
        "com.figma.hiddenFromPublishing": true,
        "com.figma.scopes": [
          "WIDTH_HEIGHT",
          "GAP"
        ],
        "com.figma.isOverride": true
      }
    },
    "24": {
      "$type": "number",
      "$value": 24,
      "$extensions": {
        "com.figma.variableId": "VariableID:17135:55610",
        "com.figma.hiddenFromPublishing": true,
        "com.figma.scopes": [
          "WIDTH_HEIGHT",
          "GAP"
        ],
        "com.figma.isOverride": true
      }
    },
    "32": {
      "$type": "number",
      "$value": 32,
      "$extensions": {
        "com.figma.variableId": "VariableID:17135:55554",
        "com.figma.hiddenFromPublishing": true,
        "com.figma.scopes": [
          "WIDTH_HEIGHT",
          "GAP"
        ],
        "com.figma.isOverride": true
      }
    },
    "40": {
      "$type": "number",
      "$value": 40,
      "$extensions": {
        "com.figma.variableId": "VariableID:17135:55538",
        "com.figma.hiddenFromPublishing": true,
        "com.figma.scopes": [
          "WIDTH_HEIGHT",
          "GAP"
        ],
        "com.figma.isOverride": true
      }
    },
    "48": {
      "$type": "number",
      "$value": 48,
      "$extensions": {
        "com.figma.variableId": "VariableID:17135:55537",
        "com.figma.hiddenFromPublishing": true,
        "com.figma.scopes": [
          "WIDTH_HEIGHT",
          "GAP"
        ],
        "com.figma.isOverride": true
      }
    },
    "64": {
      "$type": "number",
      "$value": 64,
      "$extensions": {
        "com.figma.variableId": "VariableID:17135:55601",
        "com.figma.hiddenFromPublishing": true,
        "com.figma.scopes": [
          "WIDTH_HEIGHT",
          "GAP"
        ],
        "com.figma.isOverride": true
      }
    },
    "80": {
      "$type": "number",
      "$value": 80,
      "$extensions": {
        "com.figma.variableId": "VariableID:17135:55534",
        "com.figma.hiddenFromPublishing": true,
        "com.figma.scopes": [
          "WIDTH_HEIGHT",
          "GAP"
        ],
        "com.figma.isOverride": true
      }
    },
    "96": {
      "$type": "number",
      "$value": 96,
      "$extensions": {
        "com.figma.variableId": "VariableID:17135:55581",
        "com.figma.hiddenFromPublishing": true,
        "com.figma.scopes": [
          "WIDTH_HEIGHT",
          "GAP"
        ],
        "com.figma.isOverride": true
      }
    },
    "104": {
      "$type": "number",
      "$value": 104,
      "$extensions": {
        "com.figma.variableId": "VariableID:17135:55533",
        "com.figma.hiddenFromPublishing": true,
        "com.figma.scopes": [
          "WIDTH_HEIGHT",
          "GAP"
        ],
        "com.figma.isOverride": true
      }
    },
    "124": {
      "$type": "number",
      "$value": 124,
      "$extensions": {
        "com.figma.variableId": "VariableID:18869:85582",
        "com.figma.hiddenFromPublishing": true,
        "com.figma.scopes": [
          "WIDTH_HEIGHT",
          "GAP"
        ],
        "com.figma.isOverride": true
      }
    },
    "160": {
      "$type": "number",
      "$value": 160,
      "$extensions": {
        "com.figma.variableId": "VariableID:18869:85583",
        "com.figma.hiddenFromPublishing": true,
        "com.figma.scopes": [
          "WIDTH_HEIGHT",
          "GAP"
        ],
        "com.figma.isOverride": true
      }
    },
    "240": {
      "$type": "number",
      "$value": 240,
      "$extensions": {
        "com.figma.variableId": "VariableID:18869:85584",
        "com.figma.hiddenFromPublishing": true,
        "com.figma.scopes": [
          "WIDTH_HEIGHT",
          "GAP"
        ],
        "com.figma.isOverride": true
      }
    }
  },
  "typography": {
    "font-family": {
      "adobe-clean": {
        "$type": "string",
        "$value": "Adobe Clean",
        "$extensions": {
          "com.figma.variableId": "VariableID:17135:55531",
          "com.figma.hiddenFromPublishing": true,
          "com.figma.scopes": [
            "FONT_FAMILY"
          ],
          "com.figma.type": "string",
          "com.figma.isOverride": true
        }
      },
      "adobe-clean-display": {
        "$type": "string",
        "$value": "Adobe Clean Display",
        "$extensions": {
          "com.figma.variableId": "VariableID:18597:70106",
          "com.figma.hiddenFromPublishing": true,
          "com.figma.scopes": [
            "FONT_FAMILY"
          ],
          "com.figma.type": "string",
          "com.figma.isOverride": true
        }
      }
    },
    "font-weight": {
      "adobe-clean": {
        "black": {
          "$type": "string",
          "$value": "Black",
          "$extensions": {
            "com.figma.variableId": "VariableID:17135:55528",
            "com.figma.hiddenFromPublishing": true,
            "com.figma.scopes": [
              "FONT_STYLE"
            ],
            "com.figma.type": "string",
            "com.figma.isOverride": true
          }
        },
        "extrabold": {
          "$type": "string",
          "$value": "ExtraBold",
          "$extensions": {
            "com.figma.variableId": "VariableID:17135:55527",
            "com.figma.hiddenFromPublishing": true,
            "com.figma.scopes": [
              "FONT_STYLE"
            ],
            "com.figma.type": "string",
            "com.figma.isOverride": true
          }
        },
        "bold": {
          "$type": "string",
          "$value": "Bold",
          "$extensions": {
            "com.figma.variableId": "VariableID:17135:55525",
            "com.figma.hiddenFromPublishing": true,
            "com.figma.scopes": [
              "FONT_STYLE"
            ],
            "com.figma.type": "string",
            "com.figma.isOverride": true
          }
        },
        "medium": {
          "$type": "string",
          "$value": "Medium",
          "$extensions": {
            "com.figma.variableId": "VariableID:17135:55521",
            "com.figma.hiddenFromPublishing": true,
            "com.figma.scopes": [
              "FONT_STYLE"
            ],
            "com.figma.type": "string",
            "com.figma.isOverride": true
          }
        },
        "regular": {
          "$type": "string",
          "$value": "Regular",
          "$extensions": {
            "com.figma.variableId": "VariableID:17135:55557",
            "com.figma.hiddenFromPublishing": true,
            "com.figma.scopes": [
              "FONT_STYLE"
            ],
            "com.figma.type": "string",
            "com.figma.isOverride": true
          }
        }
      },
      "adobe-clean-display": {
        "black": {
          "$type": "string",
          "$value": "Black",
          "$extensions": {
            "com.figma.variableId": "VariableID:18799:30131",
            "com.figma.hiddenFromPublishing": true,
            "com.figma.scopes": [
              "FONT_STYLE"
            ],
            "com.figma.type": "string",
            "com.figma.isOverride": true
          }
        }
      }
    },
    "font-size": {
      "10": {
        "$type": "number",
        "$value": 10,
        "$extensions": {
          "com.figma.variableId": "VariableID:17135:55519",
          "com.figma.hiddenFromPublishing": true,
          "com.figma.scopes": [
            "FONT_SIZE"
          ],
          "com.figma.isOverride": true
        }
      },
      "11": {
        "$type": "number",
        "$value": 11,
        "$extensions": {
          "com.figma.variableId": "VariableID:17135:55517",
          "com.figma.hiddenFromPublishing": true,
          "com.figma.scopes": [
            "FONT_SIZE"
          ],
          "com.figma.isOverride": true
        }
      },
      "12": {
        "$type": "number",
        "$value": 12,
        "$extensions": {
          "com.figma.variableId": "VariableID:17135:55583",
          "com.figma.hiddenFromPublishing": true,
          "com.figma.scopes": [
            "FONT_SIZE"
          ],
          "com.figma.isOverride": true
        }
      },
      "14": {
        "$type": "number",
        "$value": 14,
        "$extensions": {
          "com.figma.variableId": "VariableID:17135:55611",
          "com.figma.hiddenFromPublishing": true,
          "com.figma.scopes": [
            "FONT_SIZE"
          ],
          "com.figma.isOverride": true
        }
      },
      "16": {
        "$type": "number",
        "$value": 16,
        "$extensions": {
          "com.figma.variableId": "VariableID:17135:55535",
          "com.figma.hiddenFromPublishing": true,
          "com.figma.scopes": [
            "FONT_SIZE"
          ],
          "com.figma.isOverride": true
        }
      },
      "18": {
        "$type": "number",
        "$value": 18,
        "$extensions": {
          "com.figma.variableId": "VariableID:17135:55515",
          "com.figma.hiddenFromPublishing": true,
          "com.figma.scopes": [
            "FONT_SIZE"
          ],
          "com.figma.isOverride": true
        }
      },
      "20": {
        "$type": "number",
        "$value": 20,
        "$extensions": {
          "com.figma.variableId": "VariableID:17135:55514",
          "com.figma.hiddenFromPublishing": true,
          "com.figma.scopes": [
            "FONT_SIZE"
          ],
          "com.figma.isOverride": true
        }
      },
      "22": {
        "$type": "number",
        "$value": 22,
        "$extensions": {
          "com.figma.variableId": "VariableID:17135:55512",
          "com.figma.hiddenFromPublishing": true,
          "com.figma.scopes": [
            "FONT_SIZE"
          ],
          "com.figma.isOverride": true
        }
      },
      "24": {
        "$type": "number",
        "$value": 24,
        "$extensions": {
          "com.figma.variableId": "VariableID:17135:55580",
          "com.figma.hiddenFromPublishing": true,
          "com.figma.scopes": [
            "FONT_SIZE"
          ],
          "com.figma.isOverride": true
        }
      },
      "28": {
        "$type": "number",
        "$value": 28,
        "$extensions": {
          "com.figma.variableId": "VariableID:17135:55551",
          "com.figma.hiddenFromPublishing": true,
          "com.figma.scopes": [
            "FONT_SIZE"
          ],
          "com.figma.isOverride": true
        }
      },
      "32": {
        "$type": "number",
        "$value": 32,
        "$extensions": {
          "com.figma.variableId": "VariableID:17135:55596",
          "com.figma.hiddenFromPublishing": true,
          "com.figma.scopes": [
            "FONT_SIZE"
          ],
          "com.figma.isOverride": true
        }
      },
      "36": {
        "$type": "number",
        "$value": 36,
        "$extensions": {
          "com.figma.variableId": "VariableID:17135:55553",
          "com.figma.hiddenFromPublishing": true,
          "com.figma.scopes": [
            "FONT_SIZE"
          ],
          "com.figma.isOverride": true
        }
      },
      "40": {
        "$type": "number",
        "$value": 40,
        "$extensions": {
          "com.figma.variableId": "VariableID:17135:55509",
          "com.figma.hiddenFromPublishing": true,
          "com.figma.scopes": [
            "FONT_SIZE"
          ],
          "com.figma.isOverride": true
        }
      },
      "45": {
        "$type": "number",
        "$value": 45,
        "$extensions": {
          "com.figma.variableId": "VariableID:17135:55571",
          "com.figma.hiddenFromPublishing": true,
          "com.figma.scopes": [
            "FONT_SIZE"
          ],
          "com.figma.isOverride": true
        }
      },
      "48": {
        "$type": "number",
        "$value": 48,
        "$extensions": {
          "com.figma.variableId": "VariableID:17135:55508",
          "com.figma.hiddenFromPublishing": true,
          "com.figma.scopes": [
            "FONT_SIZE"
          ],
          "com.figma.isOverride": true
        }
      },
      "51": {
        "$type": "number",
        "$value": 51,
        "$extensions": {
          "com.figma.variableId": "VariableID:17135:55550",
          "com.figma.hiddenFromPublishing": true,
          "com.figma.scopes": [
            "FONT_SIZE"
          ],
          "com.figma.isOverride": true
        }
      },
      "56": {
        "$type": "number",
        "$value": 56,
        "$extensions": {
          "com.figma.variableId": "VariableID:17135:55532",
          "com.figma.hiddenFromPublishing": true,
          "com.figma.scopes": [
            "FONT_SIZE"
          ],
          "com.figma.isOverride": true
        }
      },
      "65": {
        "$type": "number",
        "$value": 65,
        "$extensions": {
          "com.figma.variableId": "VariableID:17135:55594",
          "com.figma.hiddenFromPublishing": true,
          "com.figma.scopes": [
            "FONT_SIZE"
          ],
          "com.figma.isOverride": true
        }
      },
      "72": {
        "$type": "number",
        "$value": 72,
        "$extensions": {
          "com.figma.variableId": "VariableID:17135:55506",
          "com.figma.hiddenFromPublishing": true,
          "com.figma.scopes": [
            "FONT_SIZE"
          ],
          "com.figma.isOverride": true
        }
      },
      "82": {
        "$type": "number",
        "$value": 82,
        "$extensions": {
          "com.figma.variableId": "VariableID:17135:55505",
          "com.figma.hiddenFromPublishing": true,
          "com.figma.scopes": [
            "FONT_SIZE"
          ],
          "com.figma.isOverride": true
        }
      },
      "88": {
        "$type": "number",
        "$value": 88,
        "$extensions": {
          "com.figma.variableId": "VariableID:18797:29191",
          "com.figma.hiddenFromPublishing": true,
          "com.figma.scopes": [
            "FONT_SIZE"
          ],
          "com.figma.isOverride": true
        }
      },
      "96": {
        "$type": "number",
        "$value": 96,
        "$extensions": {
          "com.figma.variableId": "VariableID:18856:85419",
          "com.figma.hiddenFromPublishing": true,
          "com.figma.scopes": [
            "FONT_SIZE"
          ],
          "com.figma.isOverride": true
        }
      }
    },
    "letter-spacing": {
      "0": {
        "$type": "number",
        "$value": 0,
        "$extensions": {
          "com.figma.variableId": "VariableID:17135:55567",
          "com.figma.hiddenFromPublishing": true,
          "com.figma.scopes": [
            "LETTER_SPACING"
          ],
          "com.figma.isOverride": true
        }
      },
      "1": {
        "$type": "number",
        "$value": 1,
        "$extensions": {
          "com.figma.variableId": "VariableID:18797:30118",
          "com.figma.hiddenFromPublishing": true,
          "com.figma.scopes": [
            "LETTER_SPACING"
          ],
          "com.figma.isOverride": true
        }
      },
      "2": {
        "$type": "number",
        "$value": 2,
        "$extensions": {
          "com.figma.variableId": "VariableID:17135:55520",
          "com.figma.hiddenFromPublishing": true,
          "com.figma.scopes": [
            "LETTER_SPACING"
          ],
          "com.figma.isOverride": true
        }
      },
      "minus-4": {
        "$type": "number",
        "$value": -4,
        "$extensions": {
          "com.figma.variableId": "VariableID:18797:29192",
          "com.figma.hiddenFromPublishing": true,
          "com.figma.scopes": [
            "LETTER_SPACING"
          ],
          "com.figma.isOverride": true
        }
      },
      "minus-2": {
        "$type": "number",
        "$value": -2,
        "$extensions": {
          "com.figma.variableId": "VariableID:17135:55592",
          "com.figma.hiddenFromPublishing": true,
          "com.figma.scopes": [
            "LETTER_SPACING"
          ],
          "com.figma.isOverride": true
        }
      },
      "minus-1-half": {
        "$type": "number",
        "$value": -1.5,
        "$extensions": {
          "com.figma.variableId": "VariableID:17135:55559",
          "com.figma.hiddenFromPublishing": true,
          "com.figma.isOverride": true
        }
      },
      "minus-1": {
        "$type": "number",
        "$value": -1,
        "$extensions": {
          "com.figma.variableId": "VariableID:17135:55536",
          "com.figma.hiddenFromPublishing": true,
          "com.figma.scopes": [
            "LETTER_SPACING"
          ],
          "com.figma.isOverride": true
        }
      },
      "minus-half": {
        "$type": "number",
        "$value": -0.5,
        "$extensions": {
          "com.figma.variableId": "VariableID:17135:55565",
          "com.figma.hiddenFromPublishing": true,
          "com.figma.scopes": [
            "LETTER_SPACING"
          ],
          "com.figma.isOverride": true
        }
      },
      "minus-0_15": {
        "$type": "number",
        "$value": -0.15000000596046448,
        "$extensions": {
          "com.figma.variableId": "VariableID:18799:30130",
          "com.figma.hiddenFromPublishing": true,
          "com.figma.scopes": [
            "LETTER_SPACING"
          ],
          "com.figma.isOverride": true
        }
      },
      "0_15": {
        "$type": "number",
        "$value": 0.15000000596046448,
        "$extensions": {
          "com.figma.variableId": "VariableID:18799:30142",
          "com.figma.hiddenFromPublishing": true,
          "com.figma.scopes": [
            "LETTER_SPACING"
          ],
          "com.figma.isOverride": true
        }
      },
      "half": {
        "$type": "number",
        "$value": 0.5,
        "$extensions": {
          "com.figma.variableId": "VariableID:17135:55588",
          "com.figma.hiddenFromPublishing": true,
          "com.figma.scopes": [
            "LETTER_SPACING"
          ],
          "com.figma.isOverride": true
        }
      }
    },
    "line-height": {
      "12": {
        "$type": "number",
        "$value": 12,
        "$extensions": {
          "com.figma.variableId": "VariableID:17135:55504",
          "com.figma.hiddenFromPublishing": true,
          "com.figma.scopes": [
            "LINE_HEIGHT"
          ],
          "com.figma.isOverride": true
        }
      },
      "14": {
        "$type": "number",
        "$value": 14,
        "$extensions": {
          "com.figma.variableId": "VariableID:17135:55503",
          "com.figma.hiddenFromPublishing": true,
          "com.figma.scopes": [
            "LINE_HEIGHT"
          ],
          "com.figma.isOverride": true
        }
      },
      "16": {
        "$type": "number",
        "$value": 16,
        "$extensions": {
          "com.figma.variableId": "VariableID:17135:55502",
          "com.figma.hiddenFromPublishing": true,
          "com.figma.scopes": [
            "LINE_HEIGHT"
          ],
          "com.figma.isOverride": true
        }
      },
      "18": {
        "$type": "number",
        "$value": 18,
        "$extensions": {
          "com.figma.variableId": "VariableID:17316:74052",
          "com.figma.hiddenFromPublishing": true,
          "com.figma.scopes": [
            "LINE_HEIGHT"
          ],
          "com.figma.isOverride": true
        }
      },
      "20": {
        "$type": "number",
        "$value": 20,
        "$extensions": {
          "com.figma.variableId": "VariableID:17135:55501",
          "com.figma.hiddenFromPublishing": true,
          "com.figma.scopes": [
            "LINE_HEIGHT"
          ],
          "com.figma.isOverride": true
        }
      },
      "22": {
        "$type": "number",
        "$value": 22,
        "$extensions": {
          "com.figma.variableId": "VariableID:17135:55500",
          "com.figma.hiddenFromPublishing": true,
          "com.figma.scopes": [
            "LINE_HEIGHT"
          ],
          "com.figma.isOverride": true
        }
      },
      "24": {
        "$type": "number",
        "$value": 24,
        "$extensions": {
          "com.figma.variableId": "VariableID:17135:55516",
          "com.figma.hiddenFromPublishing": true,
          "com.figma.scopes": [
            "LINE_HEIGHT"
          ],
          "com.figma.isOverride": true
        }
      },
      "26": {
        "$type": "number",
        "$value": 26,
        "$extensions": {
          "com.figma.variableId": "VariableID:17135:55529",
          "com.figma.hiddenFromPublishing": true,
          "com.figma.scopes": [
            "LINE_HEIGHT"
          ],
          "com.figma.isOverride": true
        }
      },
      "30": {
        "$type": "number",
        "$value": 30,
        "$extensions": {
          "com.figma.variableId": "VariableID:17135:55576",
          "com.figma.hiddenFromPublishing": true,
          "com.figma.scopes": [
            "LINE_HEIGHT"
          ],
          "com.figma.isOverride": true
        }
      },
      "32": {
        "$type": "number",
        "$value": 32,
        "$extensions": {
          "com.figma.variableId": "VariableID:17135:55510",
          "com.figma.hiddenFromPublishing": true,
          "com.figma.scopes": [
            "LINE_HEIGHT"
          ],
          "com.figma.isOverride": true
        }
      },
      "36": {
        "$type": "number",
        "$value": 36,
        "$extensions": {
          "com.figma.variableId": "VariableID:17135:55602",
          "com.figma.hiddenFromPublishing": true,
          "com.figma.scopes": [
            "LINE_HEIGHT"
          ],
          "com.figma.isOverride": true
        }
      },
      "42": {
        "$type": "number",
        "$value": 42,
        "$extensions": {
          "com.figma.variableId": "VariableID:17135:55563",
          "com.figma.hiddenFromPublishing": true,
          "com.figma.scopes": [
            "LINE_HEIGHT"
          ],
          "com.figma.isOverride": true
        }
      },
      "46": {
        "$type": "number",
        "$value": 46,
        "$extensions": {
          "com.figma.variableId": "VariableID:17135:55607",
          "com.figma.hiddenFromPublishing": true,
          "com.figma.scopes": [
            "LINE_HEIGHT"
          ],
          "com.figma.isOverride": true
        }
      },
      "52": {
        "$type": "number",
        "$value": 52,
        "$extensions": {
          "com.figma.variableId": "VariableID:17135:55609",
          "com.figma.hiddenFromPublishing": true,
          "com.figma.scopes": [
            "LINE_HEIGHT"
          ],
          "com.figma.isOverride": true
        }
      },
      "54": {
        "$type": "number",
        "$value": 54,
        "$extensions": {
          "com.figma.variableId": "VariableID:17135:55604",
          "com.figma.hiddenFromPublishing": true,
          "com.figma.scopes": [
            "LINE_HEIGHT"
          ],
          "com.figma.isOverride": true
        }
      },
      "58": {
        "$type": "number",
        "$value": 58,
        "$extensions": {
          "com.figma.variableId": "VariableID:17135:55606",
          "com.figma.hiddenFromPublishing": true,
          "com.figma.scopes": [
            "LINE_HEIGHT"
          ],
          "com.figma.isOverride": true
        }
      },
      "66": {
        "$type": "number",
        "$value": 66,
        "$extensions": {
          "com.figma.variableId": "VariableID:17135:55540",
          "com.figma.hiddenFromPublishing": true,
          "com.figma.scopes": [
            "LINE_HEIGHT"
          ],
          "com.figma.isOverride": true
        }
      },
      "74": {
        "$type": "number",
        "$value": 74,
        "$extensions": {
          "com.figma.variableId": "VariableID:17135:55598",
          "com.figma.hiddenFromPublishing": true,
          "com.figma.scopes": [
            "LINE_HEIGHT"
          ],
          "com.figma.isOverride": true
        }
      },
      "80": {
        "$type": "number",
        "$value": 80,
        "$extensions": {
          "com.figma.variableId": "VariableID:18797:29193",
          "com.figma.hiddenFromPublishing": true,
          "com.figma.scopes": [
            "LINE_HEIGHT"
          ],
          "com.figma.isOverride": true
        }
      },
      "84": {
        "$type": "number",
        "$value": 84,
        "$extensions": {
          "com.figma.variableId": "VariableID:17135:55574",
          "com.figma.hiddenFromPublishing": true,
          "com.figma.scopes": [
            "LINE_HEIGHT"
          ],
          "com.figma.isOverride": true
        }
      },
      "90": {
        "$type": "number",
        "$value": 90,
        "$extensions": {
          "com.figma.variableId": "VariableID:18861:85491",
          "com.figma.hiddenFromPublishing": true,
          "com.figma.scopes": [
            "LINE_HEIGHT"
          ],
          "com.figma.isOverride": true
        }
      },
      "95": {
        "$type": "number",
        "$value": 95,
        "$extensions": {
          "com.figma.variableId": "VariableID:17135:55605",
          "com.figma.hiddenFromPublishing": true,
          "com.figma.scopes": [
            "LINE_HEIGHT"
          ],
          "com.figma.isOverride": true
        }
      }
    },
    "text-transform": {
      "none": {
        "$type": "string",
        "$value": "none",
        "$extensions": {
          "com.figma.variableId": "VariableID:17135:55582",
          "com.figma.hiddenFromPublishing": true,
          "com.figma.type": "string",
          "com.figma.isOverride": true
        }
      },
      "uppercase": {
        "$type": "string",
        "$value": "uppercase",
        "$extensions": {
          "com.figma.variableId": "VariableID:17135:55579",
          "com.figma.hiddenFromPublishing": true,
          "com.figma.type": "string",
          "com.figma.isOverride": true
        }
      },
      "lowercase": {
        "$type": "string",
        "$value": "lowercase",
        "$extensions": {
          "com.figma.variableId": "VariableID:17135:55561",
          "com.figma.hiddenFromPublishing": true,
          "com.figma.type": "string",
          "com.figma.isOverride": true
        }
      },
      "capitalize": {
        "$type": "string",
        "$value": "capitalize",
        "$extensions": {
          "com.figma.variableId": "VariableID:17135:55591",
          "com.figma.hiddenFromPublishing": true,
          "com.figma.type": "string",
          "com.figma.isOverride": true
        }
      }
    }
  },
  "$extensions": {
    "com.figma.modeName": "Mode 1"
  }
}