{
  "$schema": "./node_modules/nx/schemas/nx-schema.json",
  "defaultBase": "main",
  "namedInputs": {
    "default": ["{projectRoot}/**/*", "sharedGlobals"],
    "production": [
      "default",
      "!{projectRoot}/**/?(*.)+(spec|test).[jt]s?(x)?(.snap)",
      "!{projectRoot}/tsconfig.spec.json",
      "!{projectRoot}/.eslintrc.json",
      "!{projectRoot}/jest.config.[jt]s",
      "!{projectRoot}/src/test-setup.[jt]s",
      "!{projectRoot}/test-setup.[jt]s",
      "!{projectRoot}/**/*.stories.@(js|jsx|ts|tsx|mdx)"
    ],
    "sharedGlobals": []
  },
  "targetDefaults": {
    "build": {
      "dependsOn": ["^build"],
      "inputs": ["production", "^production"],
      "cache": true
    },
    "lint": {
      "inputs": ["default", "{workspaceRoot}/.eslintrc.json"],
      "cache": true
    },
    "test": {
      "inputs": ["default", "^production", "{workspaceRoot}/jest.preset.js"],
      "cache": true
    }
  },
  "plugins": [
    {
      "plugin": "@nx/js",
      "options": {
        "analyzeSourceFiles": true
      }
    }
  ]
}

