{
  "spacing": {
    "none": {
      "value": "{spacing.0}"
    },
    "3xs": {
      "value": "{spacing.2}"
    },
    "2xs": {
      "value": "{spacing.4}"
    },
    "xs": {
      "value": "{spacing.8}"
    },
    "sm": {
      "value": "{spacing.12}"
    },
    "md": {
      "value": "{spacing.16}"
    },
    "lg": {
      "value": "{spacing.24}"
    },
    "xl": {
      "value": "{spacing.32}"
    },
    "2xl": {
      "value": "{spacing.40}"
    },
    "3xl": {
      "value": "{spacing.48}"
    },
    "4xl": {
      "value": "{spacing.64}"
    },
    "5xl": {
      "value": "{spacing.80}"
    },
    "6xl": {
      "value": "{spacing.96}"
    },
    "7xl": {
      "value": "{spacing.104}"
    }
  }
}
