{
  "typography": {
    "font-size": {
      "11": {
        "value": "0.688rem"
      },
      "13": {
        "value": "0.79rem"
      },
      "14": {
        "value": "0.889rem"
      },
      "16": {
        "value": "1rem"
      },
      "18": {
        "value": "1.125rem"
      },
      "20": {
        "value": "1.266rem"
      },
      "23": {
        "value": "1.424rem"
      },
      "26": {
        "value": "1.602rem"
      },
      "29": {
        "value": "1.802rem"
      },
      "32": {
        "value": "2.027rem"
      },
      "36": {
        "value": "2.281rem"
      },
      "41": {
        "value": "2.566rem"
      },
      "46": {
        "value": "2.887rem"
      },
      "52": {
        "value": "3.247rem"
      },
      "58": {
        "value": "3.653rem"
      },
      "66": {
        "value": "4.11rem"
      },
      "74": {
        "value": "4.624rem"
      },
      "83": {
        "value": "5.202rem"
      }
    }
  }
}
