{
  "typography": {
    "line-height": {
      "15": {
        "value": "15px"
      },
      "19": {
        "value": "19px"
      },
      "20": {
        "value": "20px"
      },
      "23": {
        "value": "23px"
      },
      "27": {
        "value": "27px"
      },
      "30": {
        "value": "30px"
      },
      "31": {
        "value": "31px"
      },
      "35": {
        "value": "35px"
      },
      "38": {
        "value": "38px"
      },
      "42": {
        "value": "42px"
      },
      "45": {
        "value": "45px"
      },
      "51": {
        "value": "51px"
      },
      "55": {
        "value": "55px"
      },
      "62": {
        "value": "62px"
      },
      "70": {
        "value": "70px"
      },
      "79": {
        "value": "79px"
      },
      "85": {
        "value": "85px"
      },
      "95": {
        "value": "95px"
      }
    }
  }
}
