{
  "color": {
    "gray": {
      "25": {
        "$type": "color",
        "$value": {
          "colorSpace": "srgb",
          "components": [
            0.06666667014360428,
            0.06666667014360428,
            0.06666667014360428
          ],
          "alpha": 1,
          "hex": "#111111"
        },
        "$extensions": {
          "com.figma.variableId": "VariableID:17536:59825",
          "com.figma.hiddenFromPublishing": true,
          "com.figma.scopes": [
            "ALL_SCOPES"
          ],
          "com.figma.isOverride": true
        }
      },
      "50": {
        "$type": "color",
        "$value": {
          "colorSpace": "srgb",
          "components": [
            0.10588235408067703,
            0.10588235408067703,
            0.10588235408067703
          ],
          "alpha": 1,
          "hex": "#1B1B1B"
        },
        "$extensions": {
          "com.figma.variableId": "VariableID:17536:59775",
          "com.figma.hiddenFromPublishing": true,
          "com.figma.scopes": [
            "ALL_SCOPES"
          ],
          "com.figma.isOverride": true
        }
      },
      "75": {
        "$type": "color",
        "$value": {
          "colorSpace": "srgb",
          "components": [
            0.13333334028720856,
            0.13333334028720856,
            0.13333334028720856
          ],
          "alpha": 1,
          "hex": "#222222"
        },
        "$extensions": {
          "com.figma.variableId": "VariableID:17536:59744",
          "com.figma.hiddenFromPublishing": true,
          "com.figma.scopes": [
            "ALL_SCOPES"
          ],
          "com.figma.isOverride": true
        }
      },
      "100": {
        "$type": "color",
        "$value": {
          "colorSpace": "srgb",
          "components": [
            0.1725490242242813,
            0.1725490242242813,
            0.1725490242242813
          ],
          "alpha": 1,
          "hex": "#2C2C2C"
        },
        "$extensions": {
          "com.figma.variableId": "VariableID:17536:59752",
          "com.figma.hiddenFromPublishing": true,
          "com.figma.scopes": [
            "ALL_SCOPES"
          ],
          "com.figma.isOverride": true
        }
      },
      "200": {
        "$type": "color",
        "$value": {
          "colorSpace": "srgb",
          "components": [
            0.19607843458652496,
            0.19607843458652496,
            0.19607843458652496
          ],
          "alpha": 1,
          "hex": "#323232"
        },
        "$extensions": {
          "com.figma.variableId": "VariableID:17536:59735",
          "com.figma.hiddenFromPublishing": true,
          "com.figma.scopes": [
            "ALL_SCOPES"
          ],
          "com.figma.isOverride": true
        }
      },
      "300": {
        "$type": "color",
        "$value": {
          "colorSpace": "srgb",
          "components": [
            0.2235294133424759,
            0.2235294133424759,
            0.2235294133424759
          ],
          "alpha": 1,
          "hex": "#393939"
        },
        "$extensions": {
          "com.figma.variableId": "VariableID:17536:59765",
          "com.figma.hiddenFromPublishing": true,
          "com.figma.scopes": [
            "ALL_SCOPES"
          ],
          "com.figma.isOverride": true
        }
      },
      "400": {
        "$type": "color",
        "$value": {
          "colorSpace": "srgb",
          "components": [
            0.2666666805744171,
            0.2666666805744171,
            0.2666666805744171
          ],
          "alpha": 1,
          "hex": "#444444"
        },
        "$extensions": {
          "com.figma.variableId": "VariableID:17536:59723",
          "com.figma.hiddenFromPublishing": true,
          "com.figma.scopes": [
            "ALL_SCOPES"
          ],
          "com.figma.isOverride": true
        }
      },
      "500": {
        "$type": "color",
        "$value": {
          "colorSpace": "srgb",
          "components": [
            0.4274509847164154,
            0.4274509847164154,
            0.4274509847164154
          ],
          "alpha": 1,
          "hex": "#6D6D6D"
        },
        "$extensions": {
          "com.figma.variableId": "VariableID:17536:59716",
          "com.figma.hiddenFromPublishing": true,
          "com.figma.scopes": [
            "ALL_SCOPES"
          ],
          "com.figma.isOverride": true
        }
      },
      "600": {
        "$type": "color",
        "$value": {
          "colorSpace": "srgb",
          "components": [
            0.5411764979362488,
            0.5411764979362488,
            0.5411764979362488
          ],
          "alpha": 1,
          "hex": "#8A8A8A"
        },
        "$extensions": {
          "com.figma.variableId": "VariableID:17536:59750",
          "com.figma.hiddenFromPublishing": true,
          "com.figma.scopes": [
            "ALL_SCOPES"
          ],
          "com.figma.isOverride": true
        }
      },
      "700": {
        "$type": "color",
        "$value": {
          "colorSpace": "srgb",
          "components": [
            0.686274528503418,
            0.686274528503418,
            0.686274528503418
          ],
          "alpha": 1,
          "hex": "#AFAFAF"
        },
        "$extensions": {
          "com.figma.variableId": "VariableID:17536:59763",
          "com.figma.hiddenFromPublishing": true,
          "com.figma.scopes": [
            "ALL_SCOPES"
          ],
          "com.figma.isOverride": true
        }
      },
      "800": {
        "$type": "color",
        "$value": {
          "colorSpace": "srgb",
          "components": [
            0.8588235378265381,
            0.8588235378265381,
            0.8588235378265381
          ],
          "alpha": 1,
          "hex": "#DBDBDB"
        },
        "$extensions": {
          "com.figma.variableId": "VariableID:17536:59803",
          "com.figma.hiddenFromPublishing": true,
          "com.figma.scopes": [
            "ALL_SCOPES"
          ],
          "com.figma.isOverride": true
        }
      },
      "900": {
        "$type": "color",
        "$value": {
          "colorSpace": "srgb",
          "components": [
            0.9490196108818054,
            0.9490196108818054,
            0.9490196108818054
          ],
          "alpha": 1,
          "hex": "#F2F2F2"
        },
        "$extensions": {
          "com.figma.variableId": "VariableID:17536:59809",
          "com.figma.hiddenFromPublishing": true,
          "com.figma.scopes": [
            "ALL_SCOPES"
          ],
          "com.figma.isOverride": true
        }
      },
      "1000": {
        "$type": "color",
        "$value": {
          "colorSpace": "srgb",
          "components": [
            1,
            1,
            1
          ],
          "alpha": 1,
          "hex": "#FFFFFF"
        },
        "$extensions": {
          "com.figma.variableId": "VariableID:17536:59804",
          "com.figma.hiddenFromPublishing": true,
          "com.figma.scopes": [
            "ALL_SCOPES"
          ],
          "com.figma.isOverride": true
        }
      }
    },
    "green": {
      "100": {
        "$type": "color",
        "$value": {
          "colorSpace": "srgb",
          "components": [
            0,
            0.11764705926179886,
            0.09019608050584793
          ],
          "alpha": 1,
          "hex": "#001E17"
        },
        "$extensions": {
          "com.figma.variableId": "VariableID:17536:59730",
          "com.figma.hiddenFromPublishing": true,
          "com.figma.scopes": [
            "ALL_SCOPES"
          ],
          "com.figma.isOverride": true
        }
      },
      "200": {
        "$type": "color",
        "$value": {
          "colorSpace": "srgb",
          "components": [
            0,
            0.14901961386203766,
            0.11372549086809158
          ],
          "alpha": 1,
          "hex": "#00261D"
        },
        "$extensions": {
          "com.figma.variableId": "VariableID:17536:59781",
          "com.figma.hiddenFromPublishing": true,
          "com.figma.scopes": [
            "ALL_SCOPES"
          ],
          "com.figma.isOverride": true
        }
      },
      "300": {
        "$type": "color",
        "$value": {
          "colorSpace": "srgb",
          "components": [
            0,
            0.20000000298023224,
            0.14901961386203766
          ],
          "alpha": 1,
          "hex": "#003326"
        },
        "$extensions": {
          "com.figma.variableId": "VariableID:17536:59780",
          "com.figma.hiddenFromPublishing": true,
          "com.figma.scopes": [
            "ALL_SCOPES"
          ],
          "com.figma.isOverride": true
        }
      },
      "400": {
        "$type": "color",
        "$value": {
          "colorSpace": "srgb",
          "components": [
            0,
            0.2666666805744171,
            0.1882352977991104
          ],
          "alpha": 1,
          "hex": "#004430"
        },
        "$extensions": {
          "com.figma.variableId": "VariableID:17536:59791",
          "com.figma.hiddenFromPublishing": true,
          "com.figma.scopes": [
            "ALL_SCOPES"
          ],
          "com.figma.isOverride": true
        }
      },
      "500": {
        "$type": "color",
        "$value": {
          "colorSpace": "srgb",
          "components": [
            0.007843137718737125,
            0.34117648005485535,
            0.22745098173618317
          ],
          "alpha": 1,
          "hex": "#02573A"
        },
        "$extensions": {
          "com.figma.variableId": "VariableID:17536:59760",
          "com.figma.hiddenFromPublishing": true,
          "com.figma.scopes": [
            "ALL_SCOPES"
          ],
          "com.figma.isOverride": true
        }
      },
      "600": {
        "$type": "color",
        "$value": {
          "colorSpace": "srgb",
          "components": [
            0.0117647061124444,
            0.4156862795352936,
            0.26274511218070984
          ],
          "alpha": 1,
          "hex": "#036A43"
        },
        "$extensions": {
          "com.figma.variableId": "VariableID:17536:59773",
          "com.figma.hiddenFromPublishing": true,
          "com.figma.scopes": [
            "ALL_SCOPES"
          ],
          "com.figma.isOverride": true
        }
      },
      "700": {
        "$type": "color",
        "$value": {
          "colorSpace": "srgb",
          "components": [
            0.01568627543747425,
            0.48627451062202454,
            0.29411765933036804
          ],
          "alpha": 1,
          "hex": "#047C4B"
        },
        "$extensions": {
          "com.figma.variableId": "VariableID:17536:59757",
          "com.figma.hiddenFromPublishing": true,
          "com.figma.scopes": [
            "ALL_SCOPES"
          ],
          "com.figma.isOverride": true
        }
      },
      "800": {
        "$type": "color",
        "$value": {
          "colorSpace": "srgb",
          "components": [
            0.0235294122248888,
            0.5490196347236633,
            0.32156863808631897
          ],
          "alpha": 1,
          "hex": "#068C52"
        },
        "$extensions": {
          "com.figma.variableId": "VariableID:17536:59800",
          "com.figma.hiddenFromPublishing": true,
          "com.figma.scopes": [
            "ALL_SCOPES"
          ],
          "com.figma.isOverride": true
        }
      },
      "900": {
        "$type": "color",
        "$value": {
          "colorSpace": "srgb",
          "components": [
            0.03529411926865578,
            0.615686297416687,
            0.3490196168422699
          ],
          "alpha": 1,
          "hex": "#099D59"
        },
        "$extensions": {
          "com.figma.variableId": "VariableID:17536:59799",
          "com.figma.hiddenFromPublishing": true,
          "com.figma.scopes": [
            "ALL_SCOPES"
          ],
          "com.figma.isOverride": true
        }
      },
      "1000": {
        "$type": "color",
        "$value": {
          "colorSpace": "srgb",
          "components": [
            0.054901961237192154,
            0.686274528503418,
            0.3843137323856354
          ],
          "alpha": 1,
          "hex": "#0EAF62"
        },
        "$extensions": {
          "com.figma.variableId": "VariableID:17536:59808",
          "com.figma.hiddenFromPublishing": true,
          "com.figma.scopes": [
            "ALL_SCOPES"
          ],
          "com.figma.isOverride": true
        }
      },
      "1100": {
        "$type": "color",
        "$value": {
          "colorSpace": "srgb",
          "components": [
            0.0941176488995552,
            0.7568627595901489,
            0.4313725531101227
          ],
          "alpha": 1,
          "hex": "#18C16E"
        },
        "$extensions": {
          "com.figma.variableId": "VariableID:17536:59771",
          "com.figma.hiddenFromPublishing": true,
          "com.figma.scopes": [
            "ALL_SCOPES"
          ],
          "com.figma.isOverride": true
        }
      },
      "1200": {
        "$type": "color",
        "$value": {
          "colorSpace": "srgb",
          "components": [
            0.2235294133424759,
            0.843137264251709,
            0.5254902243614197
          ],
          "alpha": 1,
          "hex": "#39D786"
        },
        "$extensions": {
          "com.figma.variableId": "VariableID:17536:59826",
          "com.figma.hiddenFromPublishing": true,
          "com.figma.scopes": [
            "ALL_SCOPES"
          ],
          "com.figma.isOverride": true
        }
      },
      "1300": {
        "$type": "color",
        "$value": {
          "colorSpace": "srgb",
          "components": [
            0.4941176474094391,
            0.9058823585510254,
            0.6745098233222961
          ],
          "alpha": 1,
          "hex": "#7EE7AC"
        },
        "$extensions": {
          "com.figma.variableId": "VariableID:17536:59769",
          "com.figma.hiddenFromPublishing": true,
          "com.figma.scopes": [
            "ALL_SCOPES"
          ],
          "com.figma.isOverride": true
        }
      },
      "1400": {
        "$type": "color",
        "$value": {
          "colorSpace": "srgb",
          "components": [
            0.7411764860153198,
            0.9450980424880981,
            0.8156862854957581
          ],
          "alpha": 1,
          "hex": "#BDF1D0"
        },
        "$extensions": {
          "com.figma.variableId": "VariableID:17536:59751",
          "com.figma.hiddenFromPublishing": true,
          "com.figma.scopes": [
            "ALL_SCOPES"
          ],
          "com.figma.isOverride": true
        }
      },
      "1500": {
        "$type": "color",
        "$value": {
          "colorSpace": "srgb",
          "components": [
            0.8980392217636108,
            0.9803921580314636,
            0.9254902005195618
          ],
          "alpha": 1,
          "hex": "#E5FAEC"
        },
        "$extensions": {
          "com.figma.variableId": "VariableID:17536:59766",
          "com.figma.hiddenFromPublishing": true,
          "com.figma.scopes": [
            "ALL_SCOPES"
          ],
          "com.figma.isOverride": true
        }
      },
      "1600": {
        "$type": "color",
        "$value": {
          "colorSpace": "srgb",
          "components": [
            1,
            1,
            1
          ],
          "alpha": 1,
          "hex": "#FFFFFF"
        },
        "$extensions": {
          "com.figma.variableId": "VariableID:17536:59762",
          "com.figma.hiddenFromPublishing": true,
          "com.figma.scopes": [
            "ALL_SCOPES"
          ],
          "com.figma.isOverride": true
        }
      }
    },
    "blue": {
      "100": {
        "$type": "color",
        "$value": {
          "colorSpace": "srgb",
          "components": [
            0.054901961237192154,
            0.09019608050584793,
            0.24705882370471954
          ],
          "alpha": 1,
          "hex": "#0E173F"
        },
        "$extensions": {
          "com.figma.variableId": "VariableID:17536:59759",
          "com.figma.hiddenFromPublishing": true,
          "com.figma.scopes": [
            "ALL_SCOPES"
          ],
          "com.figma.isOverride": true
        }
      },
      "200": {
        "$type": "color",
        "$value": {
          "colorSpace": "srgb",
          "components": [
            0.05882352963089943,
            0.10980392247438431,
            0.32156863808631897
          ],
          "alpha": 1,
          "hex": "#0F1C52"
        },
        "$extensions": {
          "com.figma.variableId": "VariableID:17536:59758",
          "com.figma.hiddenFromPublishing": true,
          "com.figma.scopes": [
            "ALL_SCOPES"
          ],
          "com.figma.isOverride": true
        }
      },
      "300": {
        "$type": "color",
        "$value": {
          "colorSpace": "srgb",
          "components": [
            0.0470588244497776,
            0.12941177189350128,
            0.4588235318660736
          ],
          "alpha": 1,
          "hex": "#0C2175"
        },
        "$extensions": {
          "com.figma.variableId": "VariableID:17536:59777",
          "com.figma.hiddenFromPublishing": true,
          "com.figma.scopes": [
            "ALL_SCOPES"
          ],
          "com.figma.isOverride": true
        }
      },
      "400": {
        "$type": "color",
        "$value": {
          "colorSpace": "srgb",
          "components": [
            0.07058823853731155,
            0.1764705926179886,
            0.6039215922355652
          ],
          "alpha": 1,
          "hex": "#122D9A"
        },
        "$extensions": {
          "com.figma.variableId": "VariableID:17536:59756",
          "com.figma.hiddenFromPublishing": true,
          "com.figma.scopes": [
            "ALL_SCOPES"
          ],
          "com.figma.isOverride": true
        }
      },
      "500": {
        "$type": "color",
        "$value": {
          "colorSpace": "srgb",
          "components": [
            0.10196078568696976,
            0.22745098173618317,
            0.7647058963775635
          ],
          "alpha": 1,
          "hex": "#1A3AC3"
        },
        "$extensions": {
          "com.figma.variableId": "VariableID:17536:59754",
          "com.figma.hiddenFromPublishing": true,
          "com.figma.scopes": [
            "ALL_SCOPES"
          ],
          "com.figma.isOverride": true
        }
      },
      "600": {
        "$type": "color",
        "$value": {
          "colorSpace": "srgb",
          "components": [
            0.14509804546833038,
            0.2862745225429535,
            0.8980392217636108
          ],
          "alpha": 1,
          "hex": "#2549E5"
        },
        "$extensions": {
          "com.figma.variableId": "VariableID:17536:59831",
          "com.figma.hiddenFromPublishing": true,
          "com.figma.scopes": [
            "ALL_SCOPES"
          ],
          "com.figma.isOverride": true
        }
      },
      "700": {
        "$type": "color",
        "$value": {
          "colorSpace": "srgb",
          "components": [
            0.20392157137393951,
            0.35686275362968445,
            0.9725490212440491
          ],
          "alpha": 1,
          "hex": "#345BF8"
        },
        "$extensions": {
          "com.figma.variableId": "VariableID:17536:59767",
          "com.figma.hiddenFromPublishing": true,
          "com.figma.scopes": [
            "ALL_SCOPES"
          ],
          "com.figma.isOverride": true
        }
      },
      "800": {
        "$type": "color",
        "$value": {
          "colorSpace": "srgb",
          "components": [
            0.2705882489681244,
            0.4313725531101227,
            0.9960784316062927
          ],
          "alpha": 1,
          "hex": "#456EFE"
        },
        "$extensions": {
          "com.figma.variableId": "VariableID:17536:59753",
          "com.figma.hiddenFromPublishing": true,
          "com.figma.scopes": [
            "ALL_SCOPES"
          ],
          "com.figma.isOverride": true
        }
      },
      "900": {
        "$type": "color",
        "$value": {
          "colorSpace": "srgb",
          "components": [
            0.33725491166114807,
            0.5058823823928833,
            1
          ],
          "alpha": 1,
          "hex": "#5681FF"
        },
        "$extensions": {
          "com.figma.variableId": "VariableID:17536:59787",
          "com.figma.hiddenFromPublishing": true,
          "com.figma.scopes": [
            "ALL_SCOPES"
          ],
          "com.figma.isOverride": true
        }
      },
      "1000": {
        "$type": "color",
        "$value": {
          "colorSpace": "srgb",
          "components": [
            0.4117647111415863,
            0.5843137502670288,
            0.9960784316062927
          ],
          "alpha": 1,
          "hex": "#6995FE"
        },
        "$extensions": {
          "com.figma.variableId": "VariableID:17536:59742",
          "com.figma.hiddenFromPublishing": true,
          "com.figma.scopes": [
            "ALL_SCOPES"
          ],
          "com.figma.isOverride": true
        }
      },
      "1100": {
        "$type": "color",
        "$value": {
          "colorSpace": "srgb",
          "components": [
            0.48627451062202454,
            0.6627451181411743,
            0.9882352948188782
          ],
          "alpha": 1,
          "hex": "#7CA9FC"
        },
        "$extensions": {
          "com.figma.variableId": "VariableID:17536:59812",
          "com.figma.hiddenFromPublishing": true,
          "com.figma.scopes": [
            "ALL_SCOPES"
          ],
          "com.figma.isOverride": true
        }
      },
      "1200": {
        "$type": "color",
        "$value": {
          "colorSpace": "srgb",
          "components": [
            0.5960784554481506,
            0.7529411911964417,
            0.9882352948188782
          ],
          "alpha": 1,
          "hex": "#98C0FC"
        },
        "$extensions": {
          "com.figma.variableId": "VariableID:17536:59772",
          "com.figma.hiddenFromPublishing": true,
          "com.figma.scopes": [
            "ALL_SCOPES"
          ],
          "com.figma.isOverride": true
        }
      },
      "1300": {
        "$type": "color",
        "$value": {
          "colorSpace": "srgb",
          "components": [
            0.7098039388656616,
            0.8352941274642944,
            0.9921568632125854
          ],
          "alpha": 1,
          "hex": "#B5D5FD"
        },
        "$extensions": {
          "com.figma.variableId": "VariableID:17536:59739",
          "com.figma.hiddenFromPublishing": true,
          "com.figma.scopes": [
            "ALL_SCOPES"
          ],
          "com.figma.isOverride": true
        }
      },
      "1400": {
        "$type": "color",
        "$value": {
          "colorSpace": "srgb",
          "components": [
            0.8352941274642944,
            0.9058823585510254,
            0.9960784316062927
          ],
          "alpha": 1,
          "hex": "#D5E7FE"
        },
        "$extensions": {
          "com.figma.variableId": "VariableID:17536:59789",
          "com.figma.hiddenFromPublishing": true,
          "com.figma.scopes": [
            "ALL_SCOPES"
          ],
          "com.figma.isOverride": true
        }
      },
      "1500": {
        "$type": "color",
        "$value": {
          "colorSpace": "srgb",
          "components": [
            0.9333333373069763,
            0.9607843160629272,
            1
          ],
          "alpha": 1,
          "hex": "#EEF5FF"
        },
        "$extensions": {
          "com.figma.variableId": "VariableID:17536:59749",
          "com.figma.hiddenFromPublishing": true,
          "com.figma.scopes": [
            "ALL_SCOPES"
          ],
          "com.figma.isOverride": true
        }
      },
      "1600": {
        "$type": "color",
        "$value": {
          "colorSpace": "srgb",
          "components": [
            1,
            1,
            1
          ],
          "alpha": 1,
          "hex": "#FFFFFF"
        },
        "$extensions": {
          "com.figma.variableId": "VariableID:17536:59738",
          "com.figma.hiddenFromPublishing": true,
          "com.figma.scopes": [
            "ALL_SCOPES"
          ],
          "com.figma.isOverride": true
        }
      }
    },
    "red": {
      "100": {
        "$type": "color",
        "$value": {
          "colorSpace": "srgb",
          "components": [
            0.21176470816135406,
            0.03921568766236305,
            0.0117647061124444
          ],
          "alpha": 1,
          "hex": "#360A03"
        },
        "$extensions": {
          "com.figma.variableId": "VariableID:17536:59737",
          "com.figma.hiddenFromPublishing": true,
          "com.figma.scopes": [
            "ALL_SCOPES"
          ],
          "com.figma.isOverride": true
        }
      },
      "200": {
        "$type": "color",
        "$value": {
          "colorSpace": "srgb",
          "components": [
            0.2666666805744171,
            0.05098039284348488,
            0.019607843831181526
          ],
          "alpha": 1,
          "hex": "#440D05"
        },
        "$extensions": {
          "com.figma.variableId": "VariableID:17536:59728",
          "com.figma.hiddenFromPublishing": true,
          "com.figma.scopes": [
            "ALL_SCOPES"
          ],
          "com.figma.isOverride": true
        }
      },
      "300": {
        "$type": "color",
        "$value": {
          "colorSpace": "srgb",
          "components": [
            0.34117648005485535,
            0.06666667014360428,
            0.027450980618596077
          ],
          "alpha": 1,
          "hex": "#571107"
        },
        "$extensions": {
          "com.figma.variableId": "VariableID:17536:59830",
          "com.figma.hiddenFromPublishing": true,
          "com.figma.scopes": [
            "ALL_SCOPES"
          ],
          "com.figma.isOverride": true
        }
      },
      "400": {
        "$type": "color",
        "$value": {
          "colorSpace": "srgb",
          "components": [
            0.45098039507865906,
            0.0941176488995552,
            0.04313725605607033
          ],
          "alpha": 1,
          "hex": "#73180B"
        },
        "$extensions": {
          "com.figma.variableId": "VariableID:17536:59770",
          "com.figma.hiddenFromPublishing": true,
          "com.figma.scopes": [
            "ALL_SCOPES"
          ],
          "com.figma.isOverride": true
        }
      },
      "500": {
        "$type": "color",
        "$value": {
          "colorSpace": "srgb",
          "components": [
            0.5764706134796143,
            0.12156862765550613,
            0.06666667014360428
          ],
          "alpha": 1,
          "hex": "#931F11"
        },
        "$extensions": {
          "com.figma.variableId": "VariableID:17536:59824",
          "com.figma.hiddenFromPublishing": true,
          "com.figma.scopes": [
            "ALL_SCOPES"
          ],
          "com.figma.isOverride": true
        }
      },
      "600": {
        "$type": "color",
        "$value": {
          "colorSpace": "srgb",
          "components": [
            0.6941176652908325,
            0.14901961386203766,
            0.09019608050584793
          ],
          "alpha": 1,
          "hex": "#B12617"
        },
        "$extensions": {
          "com.figma.variableId": "VariableID:17536:59842",
          "com.figma.hiddenFromPublishing": true,
          "com.figma.scopes": [
            "ALL_SCOPES"
          ],
          "com.figma.isOverride": true
        }
      },
      "700": {
        "$type": "color",
        "$value": {
          "colorSpace": "srgb",
          "components": [
            0.8039215803146362,
            0.18039216101169586,
            0.11372549086809158
          ],
          "alpha": 1,
          "hex": "#CD2E1D"
        },
        "$extensions": {
          "com.figma.variableId": "VariableID:17536:59732",
          "com.figma.hiddenFromPublishing": true,
          "com.figma.scopes": [
            "ALL_SCOPES"
          ],
          "com.figma.isOverride": true
        }
      },
      "800": {
        "$type": "color",
        "$value": {
          "colorSpace": "srgb",
          "components": [
            0.9019607901573181,
            0.21176470816135406,
            0.13725490868091583
          ],
          "alpha": 1,
          "hex": "#E63623"
        },
        "$extensions": {
          "com.figma.variableId": "VariableID:17536:59745",
          "com.figma.hiddenFromPublishing": true,
          "com.figma.scopes": [
            "ALL_SCOPES"
          ],
          "com.figma.isOverride": true
        }
      },
      "900": {
        "$type": "color",
        "$value": {
          "colorSpace": "srgb",
          "components": [
            0.9882352948188782,
            0.26274511218070984,
            0.18039216101169586
          ],
          "alpha": 1,
          "hex": "#FC432E"
        },
        "$extensions": {
          "com.figma.variableId": "VariableID:17536:59736",
          "com.figma.hiddenFromPublishing": true,
          "com.figma.scopes": [
            "ALL_SCOPES"
          ],
          "com.figma.isOverride": true
        }
      },
      "1000": {
        "$type": "color",
        "$value": {
          "colorSpace": "srgb",
          "components": [
            1,
            0.40392157435417175,
            0.33725491166114807
          ],
          "alpha": 1,
          "hex": "#FF6756"
        },
        "$extensions": {
          "com.figma.variableId": "VariableID:17536:59729",
          "com.figma.hiddenFromPublishing": true,
          "com.figma.scopes": [
            "ALL_SCOPES"
          ],
          "com.figma.isOverride": true
        }
      },
      "1100": {
        "$type": "color",
        "$value": {
          "colorSpace": "srgb",
          "components": [
            1,
            0.5254902243614197,
            0.47058823704719543
          ],
          "alpha": 1,
          "hex": "#FF8678"
        },
        "$extensions": {
          "com.figma.variableId": "VariableID:17536:59727",
          "com.figma.hiddenFromPublishing": true,
          "com.figma.scopes": [
            "ALL_SCOPES"
          ],
          "com.figma.isOverride": true
        }
      },
      "1200": {
        "$type": "color",
        "$value": {
          "colorSpace": "srgb",
          "components": [
            1,
            0.6549019813537598,
            0.615686297416687
          ],
          "alpha": 1,
          "hex": "#FFA79D"
        },
        "$extensions": {
          "com.figma.variableId": "VariableID:17536:59733",
          "com.figma.hiddenFromPublishing": true,
          "com.figma.scopes": [
            "ALL_SCOPES"
          ],
          "com.figma.isOverride": true
        }
      },
      "1300": {
        "$type": "color",
        "$value": {
          "colorSpace": "srgb",
          "components": [
            1,
            0.7686274647712708,
            0.7411764860153198
          ],
          "alpha": 1,
          "hex": "#FFC4BD"
        },
        "$extensions": {
          "com.figma.variableId": "VariableID:17536:59761",
          "com.figma.hiddenFromPublishing": true,
          "com.figma.scopes": [
            "ALL_SCOPES"
          ],
          "com.figma.isOverride": true
        }
      },
      "1400": {
        "$type": "color",
        "$value": {
          "colorSpace": "srgb",
          "components": [
            1,
            0.8705882430076599,
            0.8588235378265381
          ],
          "alpha": 1,
          "hex": "#FFDEDB"
        },
        "$extensions": {
          "com.figma.variableId": "VariableID:17536:59726",
          "com.figma.hiddenFromPublishing": true,
          "com.figma.scopes": [
            "ALL_SCOPES"
          ],
          "com.figma.isOverride": true
        }
      },
      "1500": {
        "$type": "color",
        "$value": {
          "colorSpace": "srgb",
          "components": [
            1,
            0.9490196108818054,
            0.9411764740943909
          ],
          "alpha": 1,
          "hex": "#FFF2F0"
        },
        "$extensions": {
          "com.figma.variableId": "VariableID:17536:59725",
          "com.figma.hiddenFromPublishing": true,
          "com.figma.scopes": [
            "ALL_SCOPES"
          ],
          "com.figma.isOverride": true
        }
      },
      "1600": {
        "$type": "color",
        "$value": {
          "colorSpace": "srgb",
          "components": [
            1,
            1,
            1
          ],
          "alpha": 1,
          "hex": "#FFFFFF"
        },
        "$extensions": {
          "com.figma.variableId": "VariableID:17536:59818",
          "com.figma.hiddenFromPublishing": true,
          "com.figma.scopes": [
            "ALL_SCOPES"
          ],
          "com.figma.isOverride": true
        }
      }
    },
    "orange": {
      "100": {
        "$type": "color",
        "$value": {
          "colorSpace": "srgb",
          "components": [
            0.1921568661928177,
            0.062745101749897,
            0
          ],
          "alpha": 1,
          "hex": "#311000"
        },
        "$extensions": {
          "com.figma.variableId": "VariableID:17536:59724",
          "com.figma.hiddenFromPublishing": true,
          "com.figma.scopes": [
            "ALL_SCOPES"
          ],
          "com.figma.isOverride": true
        }
      },
      "200": {
        "$type": "color",
        "$value": {
          "colorSpace": "srgb",
          "components": [
            0.239215686917305,
            0.08235294371843338,
            0
          ],
          "alpha": 1,
          "hex": "#3D1500"
        },
        "$extensions": {
          "com.figma.variableId": "VariableID:17536:59722",
          "com.figma.hiddenFromPublishing": true,
          "com.figma.scopes": [
            "ALL_SCOPES"
          ],
          "com.figma.isOverride": true
        }
      },
      "300": {
        "$type": "color",
        "$value": {
          "colorSpace": "srgb",
          "components": [
            0.3137255012989044,
            0.10588235408067703,
            0
          ],
          "alpha": 1,
          "hex": "#501B00"
        },
        "$extensions": {
          "com.figma.variableId": "VariableID:17536:59782",
          "com.figma.hiddenFromPublishing": true,
          "com.figma.scopes": [
            "ALL_SCOPES"
          ],
          "com.figma.isOverride": true
        }
      },
      "400": {
        "$type": "color",
        "$value": {
          "colorSpace": "srgb",
          "components": [
            0.4156862795352936,
            0.1411764770746231,
            0
          ],
          "alpha": 1,
          "hex": "#6A2400"
        },
        "$extensions": {
          "com.figma.variableId": "VariableID:17536:59838",
          "com.figma.hiddenFromPublishing": true,
          "com.figma.scopes": [
            "ALL_SCOPES"
          ],
          "com.figma.isOverride": true
        }
      },
      "500": {
        "$type": "color",
        "$value": {
          "colorSpace": "srgb",
          "components": [
            0.529411792755127,
            0.18431372940540314,
            0
          ],
          "alpha": 1,
          "hex": "#872F00"
        },
        "$extensions": {
          "com.figma.variableId": "VariableID:17536:59817",
          "com.figma.hiddenFromPublishing": true,
          "com.figma.scopes": [
            "ALL_SCOPES"
          ],
          "com.figma.isOverride": true
        }
      },
      "600": {
        "$type": "color",
        "$value": {
          "colorSpace": "srgb",
          "components": [
            0.6352941393852234,
            0.23137255012989044,
            0
          ],
          "alpha": 1,
          "hex": "#A23B00"
        },
        "$extensions": {
          "com.figma.variableId": "VariableID:17536:59755",
          "com.figma.hiddenFromPublishing": true,
          "com.figma.scopes": [
            "ALL_SCOPES"
          ],
          "com.figma.isOverride": true
        }
      },
      "700": {
        "$type": "color",
        "$value": {
          "colorSpace": "srgb",
          "components": [
            0.7254902124404907,
            0.2862745225429535,
            0
          ],
          "alpha": 1,
          "hex": "#B94900"
        },
        "$extensions": {
          "com.figma.variableId": "VariableID:17536:59719",
          "com.figma.hiddenFromPublishing": true,
          "com.figma.scopes": [
            "ALL_SCOPES"
          ],
          "com.figma.isOverride": true
        }
      },
      "800": {
        "$type": "color",
        "$value": {
          "colorSpace": "srgb",
          "components": [
            0.8039215803146362,
            0.33725491166114807,
            0
          ],
          "alpha": 1,
          "hex": "#CD5600"
        },
        "$extensions": {
          "com.figma.variableId": "VariableID:17536:59823",
          "com.figma.hiddenFromPublishing": true,
          "com.figma.scopes": [
            "ALL_SCOPES"
          ],
          "com.figma.isOverride": true
        }
      },
      "900": {
        "$type": "color",
        "$value": {
          "colorSpace": "srgb",
          "components": [
            0.8784313797950745,
            0.3921568691730499,
            0
          ],
          "alpha": 1,
          "hex": "#E06400"
        },
        "$extensions": {
          "com.figma.variableId": "VariableID:17536:59810",
          "com.figma.hiddenFromPublishing": true,
          "com.figma.scopes": [
            "ALL_SCOPES"
          ],
          "com.figma.isOverride": true
        }
      },
      "1000": {
        "$type": "color",
        "$value": {
          "colorSpace": "srgb",
          "components": [
            0.9529411792755127,
            0.4588235318660736,
            0
          ],
          "alpha": 1,
          "hex": "#F37500"
        },
        "$extensions": {
          "com.figma.variableId": "VariableID:17536:59768",
          "com.figma.hiddenFromPublishing": true,
          "com.figma.scopes": [
            "ALL_SCOPES"
          ],
          "com.figma.isOverride": true
        }
      },
      "1100": {
        "$type": "color",
        "$value": {
          "colorSpace": "srgb",
          "components": [
            1,
            0.5372549295425415,
            0
          ],
          "alpha": 1,
          "hex": "#FF8900"
        },
        "$extensions": {
          "com.figma.variableId": "VariableID:17536:59740",
          "com.figma.hiddenFromPublishing": true,
          "com.figma.scopes": [
            "ALL_SCOPES"
          ],
          "com.figma.isOverride": true
        }
      },
      "1200": {
        "$type": "color",
        "$value": {
          "colorSpace": "srgb",
          "components": [
            1,
            0.6784313917160034,
            0.1764705926179886
          ],
          "alpha": 1,
          "hex": "#FFAD2D"
        },
        "$extensions": {
          "com.figma.variableId": "VariableID:17536:59718",
          "com.figma.hiddenFromPublishing": true,
          "com.figma.scopes": [
            "ALL_SCOPES"
          ],
          "com.figma.isOverride": true
        }
      },
      "1300": {
        "$type": "color",
        "$value": {
          "colorSpace": "srgb",
          "components": [
            1,
            0.7882353067398071,
            0.45490196347236633
          ],
          "alpha": 1,
          "hex": "#FFC974"
        },
        "$extensions": {
          "com.figma.variableId": "VariableID:17536:59746",
          "com.figma.hiddenFromPublishing": true,
          "com.figma.scopes": [
            "ALL_SCOPES"
          ],
          "com.figma.isOverride": true
        }
      },
      "1400": {
        "$type": "color",
        "$value": {
          "colorSpace": "srgb",
          "components": [
            1,
            0.8823529481887817,
            0.6980392336845398
          ],
          "alpha": 1,
          "hex": "#FFE1B2"
        },
        "$extensions": {
          "com.figma.variableId": "VariableID:17536:59717",
          "com.figma.hiddenFromPublishing": true,
          "com.figma.scopes": [
            "ALL_SCOPES"
          ],
          "com.figma.isOverride": true
        }
      },
      "1500": {
        "$type": "color",
        "$value": {
          "colorSpace": "srgb",
          "components": [
            1,
            0.9529411792755127,
            0.8823529481887817
          ],
          "alpha": 1,
          "hex": "#FFF3E1"
        },
        "$extensions": {
          "com.figma.variableId": "VariableID:17536:59813",
          "com.figma.hiddenFromPublishing": true,
          "com.figma.scopes": [
            "ALL_SCOPES"
          ],
          "com.figma.isOverride": true
        }
      },
      "1600": {
        "$type": "color",
        "$value": {
          "colorSpace": "srgb",
          "components": [
            1,
            1,
            1
          ],
          "alpha": 1,
          "hex": "#FFFFFF"
        },
        "$extensions": {
          "com.figma.variableId": "VariableID:17536:59841",
          "com.figma.hiddenFromPublishing": true,
          "com.figma.scopes": [
            "ALL_SCOPES"
          ],
          "com.figma.isOverride": true
        }
      }
    },
    "yellow": {
      "100": {
        "$type": "color",
        "$value": {
          "colorSpace": "srgb",
          "components": [
            0.14509804546833038,
            0.09019608050584793,
            0
          ],
          "alpha": 1,
          "hex": "#251700"
        },
        "$extensions": {
          "com.figma.variableId": "VariableID:17536:59715",
          "com.figma.hiddenFromPublishing": true,
          "com.figma.scopes": [
            "ALL_SCOPES"
          ],
          "com.figma.isOverride": true
        }
      },
      "200": {
        "$type": "color",
        "$value": {
          "colorSpace": "srgb",
          "components": [
            0.18431372940540314,
            0.11372549086809158,
            0
          ],
          "alpha": 1,
          "hex": "#2F1D00"
        },
        "$extensions": {
          "com.figma.variableId": "VariableID:17536:59714",
          "com.figma.hiddenFromPublishing": true,
          "com.figma.scopes": [
            "ALL_SCOPES"
          ],
          "com.figma.isOverride": true
        }
      },
      "300": {
        "$type": "color",
        "$value": {
          "colorSpace": "srgb",
          "components": [
            0.239215686917305,
            0.15294118225574493,
            0
          ],
          "alpha": 1,
          "hex": "#3D2700"
        },
        "$extensions": {
          "com.figma.variableId": "VariableID:17536:59793",
          "com.figma.hiddenFromPublishing": true,
          "com.figma.scopes": [
            "ALL_SCOPES"
          ],
          "com.figma.isOverride": true
        }
      },
      "400": {
        "$type": "color",
        "$value": {
          "colorSpace": "srgb",
          "components": [
            0.32549020648002625,
            0.20392157137393951,
            0
          ],
          "alpha": 1,
          "hex": "#533400"
        },
        "$extensions": {
          "com.figma.variableId": "VariableID:17536:59776",
          "com.figma.hiddenFromPublishing": true,
          "com.figma.scopes": [
            "ALL_SCOPES"
          ],
          "com.figma.isOverride": true
        }
      },
      "500": {
        "$type": "color",
        "$value": {
          "colorSpace": "srgb",
          "components": [
            0.41960784792900085,
            0.26274511218070984,
            0
          ],
          "alpha": 1,
          "hex": "#6B4300"
        },
        "$extensions": {
          "com.figma.variableId": "VariableID:17536:59835",
          "com.figma.hiddenFromPublishing": true,
          "com.figma.scopes": [
            "ALL_SCOPES"
          ],
          "com.figma.isOverride": true
        }
      },
      "600": {
        "$type": "color",
        "$value": {
          "colorSpace": "srgb",
          "components": [
            0.5098039507865906,
            0.32156863808631897,
            0
          ],
          "alpha": 1,
          "hex": "#825200"
        },
        "$extensions": {
          "com.figma.variableId": "VariableID:17536:59713",
          "com.figma.hiddenFromPublishing": true,
          "com.figma.scopes": [
            "ALL_SCOPES"
          ],
          "com.figma.isOverride": true
        }
      },
      "700": {
        "$type": "color",
        "$value": {
          "colorSpace": "srgb",
          "components": [
            0.5921568870544434,
            0.3803921639919281,
            0
          ],
          "alpha": 1,
          "hex": "#976100"
        },
        "$extensions": {
          "com.figma.variableId": "VariableID:17536:59778",
          "com.figma.hiddenFromPublishing": true,
          "com.figma.scopes": [
            "ALL_SCOPES"
          ],
          "com.figma.isOverride": true
        }
      },
      "800": {
        "$type": "color",
        "$value": {
          "colorSpace": "srgb",
          "components": [
            0.6627451181411743,
            0.4313725531101227,
            0
          ],
          "alpha": 1,
          "hex": "#A96E00"
        },
        "$extensions": {
          "com.figma.variableId": "VariableID:17536:59712",
          "com.figma.hiddenFromPublishing": true,
          "com.figma.scopes": [
            "ALL_SCOPES"
          ],
          "com.figma.isOverride": true
        }
      },
      "900": {
        "$type": "color",
        "$value": {
          "colorSpace": "srgb",
          "components": [
            0.729411780834198,
            0.48627451062202454,
            0
          ],
          "alpha": 1,
          "hex": "#BA7C00"
        },
        "$extensions": {
          "com.figma.variableId": "VariableID:17536:59711",
          "com.figma.hiddenFromPublishing": true,
          "com.figma.scopes": [
            "ALL_SCOPES"
          ],
          "com.figma.isOverride": true
        }
      },
      "1000": {
        "$type": "color",
        "$value": {
          "colorSpace": "srgb",
          "components": [
            0.7960784435272217,
            0.5529412031173706,
            0
          ],
          "alpha": 1,
          "hex": "#CB8D00"
        },
        "$extensions": {
          "com.figma.variableId": "VariableID:17536:59743",
          "com.figma.hiddenFromPublishing": true,
          "com.figma.scopes": [
            "ALL_SCOPES"
          ],
          "com.figma.isOverride": true
        }
      },
      "1100": {
        "$type": "color",
        "$value": {
          "colorSpace": "srgb",
          "components": [
            0.8549019694328308,
            0.6235294342041016,
            0
          ],
          "alpha": 1,
          "hex": "#DA9F00"
        },
        "$extensions": {
          "com.figma.variableId": "VariableID:17536:59710",
          "com.figma.hiddenFromPublishing": true,
          "com.figma.scopes": [
            "ALL_SCOPES"
          ],
          "com.figma.isOverride": true
        }
      },
      "1200": {
        "$type": "color",
        "$value": {
          "colorSpace": "srgb",
          "components": [
            0.9215686321258545,
            0.7176470756530762,
            0
          ],
          "alpha": 1,
          "hex": "#EBB700"
        },
        "$extensions": {
          "com.figma.variableId": "VariableID:17536:59721",
          "com.figma.hiddenFromPublishing": true,
          "com.figma.scopes": [
            "ALL_SCOPES"
          ],
          "com.figma.isOverride": true
        }
      },
      "1300": {
        "$type": "color",
        "$value": {
          "colorSpace": "srgb",
          "components": [
            0.9764705896377563,
            0.8078431487083435,
            0
          ],
          "alpha": 1,
          "hex": "#F9CE00"
        },
        "$extensions": {
          "com.figma.variableId": "VariableID:17536:59720",
          "com.figma.hiddenFromPublishing": true,
          "com.figma.scopes": [
            "ALL_SCOPES"
          ],
          "com.figma.isOverride": true
        }
      },
      "1400": {
        "$type": "color",
        "$value": {
          "colorSpace": "srgb",
          "components": [
            1,
            0.9019607901573181,
            0.33725491166114807
          ],
          "alpha": 1,
          "hex": "#FFE656"
        },
        "$extensions": {
          "com.figma.variableId": "VariableID:17536:59796",
          "com.figma.hiddenFromPublishing": true,
          "com.figma.scopes": [
            "ALL_SCOPES"
          ],
          "com.figma.isOverride": true
        }
      },
      "1500": {
        "$type": "color",
        "$value": {
          "colorSpace": "srgb",
          "components": [
            1,
            0.9647058844566345,
            0.7647058963775635
          ],
          "alpha": 1,
          "hex": "#FFF6C3"
        },
        "$extensions": {
          "com.figma.variableId": "VariableID:17536:59807",
          "com.figma.hiddenFromPublishing": true,
          "com.figma.scopes": [
            "ALL_SCOPES"
          ],
          "com.figma.isOverride": true
        }
      },
      "1600": {
        "$type": "color",
        "$value": {
          "colorSpace": "srgb",
          "components": [
            1,
            1,
            1
          ],
          "alpha": 1,
          "hex": "#FFFFFF"
        },
        "$extensions": {
          "com.figma.variableId": "VariableID:17536:59709",
          "com.figma.hiddenFromPublishing": true,
          "com.figma.scopes": [
            "ALL_SCOPES"
          ],
          "com.figma.isOverride": true
        }
      }
    },
    "dataviz": {
      "magenta": {
        "600": {
          "$type": "color",
          "$value": {
            "colorSpace": "srgb",
            "components": [
              0.8117647171020508,
              0.12156862765550613,
              0.3607843220233917
            ],
            "alpha": 1,
            "hex": "#CF1F5C"
          },
          "$extensions": {
            "com.figma.variableId": "VariableID:17536:59843",
            "com.figma.hiddenFromPublishing": true,
            "com.figma.scopes": [
              "ALL_SCOPES"
            ],
            "com.figma.isOverride": true
          }
        },
        "700": {
          "$type": "color",
          "$value": {
            "colorSpace": "srgb",
            "components": [
              0.7098039388656616,
              0.07450980693101883,
              0.2980392277240753
            ],
            "alpha": 1,
            "hex": "#B5134C"
          },
          "$extensions": {
            "com.figma.variableId": "VariableID:17536:59820",
            "com.figma.hiddenFromPublishing": true,
            "com.figma.scopes": [
              "ALL_SCOPES"
            ],
            "com.figma.isOverride": true
          }
        }
      },
      "pink": {
        "600": {
          "$type": "color",
          "$value": {
            "colorSpace": "srgb",
            "components": [
              0.6705882549285889,
              0.11372549086809158,
              0.46666666865348816
            ],
            "alpha": 1,
            "hex": "#AB1D77"
          },
          "$extensions": {
            "com.figma.variableId": "VariableID:17536:59829",
            "com.figma.hiddenFromPublishing": true,
            "com.figma.scopes": [
              "ALL_SCOPES"
            ],
            "com.figma.isOverride": true
          }
        },
        "700": {
          "$type": "color",
          "$value": {
            "colorSpace": "srgb",
            "components": [
              0.7686274647712708,
              0.15294118225574493,
              0.5411764979362488
            ],
            "alpha": 1,
            "hex": "#C4278A"
          },
          "$extensions": {
            "com.figma.variableId": "VariableID:17536:59833",
            "com.figma.hiddenFromPublishing": true,
            "com.figma.scopes": [
              "ALL_SCOPES"
            ],
            "com.figma.isOverride": true
          }
        }
      },
      "fuchsia": {
        "700": {
          "$type": "color",
          "$value": {
            "colorSpace": "srgb",
            "components": [
              0.6784313917160034,
              0.20000000298023224,
              0.7529411911964417
            ],
            "alpha": 1,
            "hex": "#AD33C0"
          },
          "$extensions": {
            "com.figma.variableId": "VariableID:17536:59827",
            "com.figma.hiddenFromPublishing": true,
            "com.figma.scopes": [
              "ALL_SCOPES"
            ],
            "com.figma.isOverride": true
          }
        },
        "800": {
          "$type": "color",
          "$value": {
            "colorSpace": "srgb",
            "components": [
              0.7529411911964417,
              0.250980406999588,
              0.8313725590705872
            ],
            "alpha": 1,
            "hex": "#C040D4"
          },
          "$extensions": {
            "com.figma.variableId": "VariableID:17536:59806",
            "com.figma.hiddenFromPublishing": true,
            "com.figma.scopes": [
              "ALL_SCOPES"
            ],
            "com.figma.isOverride": true
          }
        }
      },
      "purple": {
        "800": {
          "$type": "color",
          "$value": {
            "colorSpace": "srgb",
            "components": [
              0.6313725709915161,
              0.3294117748737335,
              0.8980392217636108
            ],
            "alpha": 1,
            "hex": "#A154E5"
          },
          "$extensions": {
            "com.figma.variableId": "VariableID:17536:59822",
            "com.figma.hiddenFromPublishing": true,
            "com.figma.scopes": [
              "ALL_SCOPES"
            ],
            "com.figma.isOverride": true
          }
        },
        "900": {
          "$type": "color",
          "$value": {
            "colorSpace": "srgb",
            "components": [
              0.6784313917160034,
              0.4117647111415863,
              0.9137254953384399
            ],
            "alpha": 1,
            "hex": "#AD69E9"
          },
          "$extensions": {
            "com.figma.variableId": "VariableID:17536:59839",
            "com.figma.hiddenFromPublishing": true,
            "com.figma.scopes": [
              "ALL_SCOPES"
            ],
            "com.figma.isOverride": true
          }
        }
      },
      "indigo": {
        "800": {
          "$type": "color",
          "$value": {
            "colorSpace": "srgb",
            "components": [
              0.46666666865348816,
              0.3803921639919281,
              0.9882352948188782
            ],
            "alpha": 1,
            "hex": "#7761FC"
          },
          "$extensions": {
            "com.figma.variableId": "VariableID:17536:59815",
            "com.figma.hiddenFromPublishing": true,
            "com.figma.scopes": [
              "ALL_SCOPES"
            ],
            "com.figma.isOverride": true
          }
        },
        "900": {
          "$type": "color",
          "$value": {
            "colorSpace": "srgb",
            "components": [
              0.501960813999176,
              0.46666666865348816,
              0.9960784316062927
            ],
            "alpha": 1,
            "hex": "#8077FE"
          },
          "$extensions": {
            "com.figma.variableId": "VariableID:17536:59819",
            "com.figma.hiddenFromPublishing": true,
            "com.figma.scopes": [
              "ALL_SCOPES"
            ],
            "com.figma.isOverride": true
          }
        }
      },
      "cyan": {
        "600": {
          "$type": "color",
          "$value": {
            "colorSpace": "srgb",
            "components": [
              0.0117647061124444,
              0.38823530077934265,
              0.5490196347236633
            ],
            "alpha": 1,
            "hex": "#03638C"
          },
          "$extensions": {
            "com.figma.variableId": "VariableID:17536:59811",
            "com.figma.hiddenFromPublishing": true,
            "com.figma.scopes": [
              "ALL_SCOPES"
            ],
            "com.figma.isOverride": true
          }
        },
        "700": {
          "$type": "color",
          "$value": {
            "colorSpace": "srgb",
            "components": [
              0.0313725508749485,
              0.45098039507865906,
              0.658823549747467
            ],
            "alpha": 1,
            "hex": "#0873A8"
          },
          "$extensions": {
            "com.figma.variableId": "VariableID:17536:59747",
            "com.figma.hiddenFromPublishing": true,
            "com.figma.scopes": [
              "ALL_SCOPES"
            ],
            "com.figma.isOverride": true
          }
        }
      },
      "turquoise": {
        "500": {
          "$type": "color",
          "$value": {
            "colorSpace": "srgb",
            "components": [
              0.0117647061124444,
              0.3294117748737335,
              0.3607843220233917
            ],
            "alpha": 1,
            "hex": "#03545C"
          },
          "$extensions": {
            "com.figma.variableId": "VariableID:17536:59816",
            "com.figma.hiddenFromPublishing": true,
            "com.figma.scopes": [
              "ALL_SCOPES"
            ],
            "com.figma.isOverride": true
          }
        },
        "600": {
          "$type": "color",
          "$value": {
            "colorSpace": "srgb",
            "components": [
              0.019607843831181526,
              0.40392157435417175,
              0.43921568989753723
            ],
            "alpha": 1,
            "hex": "#056770"
          },
          "$extensions": {
            "com.figma.variableId": "VariableID:17536:59786",
            "com.figma.hiddenFromPublishing": true,
            "com.figma.scopes": [
              "ALL_SCOPES"
            ],
            "com.figma.isOverride": true
          }
        }
      },
      "seafoam": {
        "500": {
          "$type": "color",
          "$value": {
            "colorSpace": "srgb",
            "components": [
              0.007843137718737125,
              0.33725491166114807,
              0.29411765933036804
            ],
            "alpha": 1,
            "hex": "#02564B"
          },
          "$extensions": {
            "com.figma.variableId": "VariableID:17536:59805",
            "com.figma.hiddenFromPublishing": true,
            "com.figma.scopes": [
              "ALL_SCOPES"
            ],
            "com.figma.isOverride": true
          }
        },
        "600": {
          "$type": "color",
          "$value": {
            "colorSpace": "srgb",
            "components": [
              0.01568627543747425,
              0.4117647111415863,
              0.3490196168422699
            ],
            "alpha": 1,
            "hex": "#046959"
          },
          "$extensions": {
            "com.figma.variableId": "VariableID:17536:59797",
            "com.figma.hiddenFromPublishing": true,
            "com.figma.scopes": [
              "ALL_SCOPES"
            ],
            "com.figma.isOverride": true
          }
        }
      },
      "celery": {
        "500": {
          "$type": "color",
          "$value": {
            "colorSpace": "srgb",
            "components": [
              0.16078431904315948,
              0.33725491166114807,
              0.0313725508749485
            ],
            "alpha": 1,
            "hex": "#295608"
          },
          "$extensions": {
            "com.figma.variableId": "VariableID:17536:59801",
            "com.figma.hiddenFromPublishing": true,
            "com.figma.scopes": [
              "ALL_SCOPES"
            ],
            "com.figma.isOverride": true
          }
        },
        "600": {
          "$type": "color",
          "$value": {
            "colorSpace": "srgb",
            "components": [
              0.19607843458652496,
              0.4117647111415863,
              0.04313725605607033
            ],
            "alpha": 1,
            "hex": "#32690B"
          },
          "$extensions": {
            "com.figma.variableId": "VariableID:17536:59774",
            "com.figma.hiddenFromPublishing": true,
            "com.figma.scopes": [
              "ALL_SCOPES"
            ],
            "com.figma.isOverride": true
          }
        }
      },
      "chartreuse": {
        "400": {
          "$type": "color",
          "$value": {
            "colorSpace": "srgb",
            "components": [
              0.2078431397676468,
              0.24705882370471954,
              0
            ],
            "alpha": 1,
            "hex": "#353F00"
          },
          "$extensions": {
            "com.figma.variableId": "VariableID:17536:59764",
            "com.figma.hiddenFromPublishing": true,
            "com.figma.scopes": [
              "ALL_SCOPES"
            ],
            "com.figma.isOverride": true
          }
        },
        "500": {
          "$type": "color",
          "$value": {
            "colorSpace": "srgb",
            "components": [
              0.2666666805744171,
              0.32156863808631897,
              0
            ],
            "alpha": 1,
            "hex": "#445200"
          },
          "$extensions": {
            "com.figma.variableId": "VariableID:17536:59795",
            "com.figma.hiddenFromPublishing": true,
            "com.figma.scopes": [
              "ALL_SCOPES"
            ],
            "com.figma.isOverride": true
          }
        }
      }
    },
    "transparent": {
      "black": {
        "12": {
          "$type": "color",
          "$value": {
            "colorSpace": "srgb",
            "components": [
              0,
              0,
              0
            ],
            "alpha": 0.11999999731779099,
            "hex": "#000000"
          },
          "$extensions": {
            "com.figma.variableId": "VariableID:17536:59794",
            "com.figma.hiddenFromPublishing": true,
            "com.figma.scopes": [
              "ALL_SCOPES"
            ],
            "com.figma.isOverride": true
          }
        },
        "16": {
          "$type": "color",
          "$value": {
            "colorSpace": "srgb",
            "components": [
              0,
              0,
              0
            ],
            "alpha": 0.1599999964237213,
            "hex": "#000000"
          },
          "$extensions": {
            "com.figma.variableId": "VariableID:17536:59790",
            "com.figma.hiddenFromPublishing": true,
            "com.figma.scopes": [
              "ALL_SCOPES"
            ],
            "com.figma.isOverride": true
          }
        },
        "24": {
          "$type": "color",
          "$value": {
            "colorSpace": "srgb",
            "components": [
              0,
              0,
              0
            ],
            "alpha": 0.23999999463558197,
            "hex": "#000000"
          },
          "$extensions": {
            "com.figma.variableId": "VariableID:17536:59779",
            "com.figma.hiddenFromPublishing": true,
            "com.figma.scopes": [
              "ALL_SCOPES"
            ],
            "com.figma.isOverride": true
          }
        },
        "32": {
          "$type": "color",
          "$value": {
            "colorSpace": "srgb",
            "components": [
              0,
              0,
              0
            ],
            "alpha": 0.3199999928474426,
            "hex": "#000000"
          },
          "$extensions": {
            "com.figma.variableId": "VariableID:17536:59828",
            "com.figma.hiddenFromPublishing": true,
            "com.figma.scopes": [
              "ALL_SCOPES"
            ],
            "com.figma.isOverride": true
          }
        },
        "48": {
          "$type": "color",
          "$value": {
            "colorSpace": "srgb",
            "components": [
              0,
              0,
              0
            ],
            "alpha": 0.47999998927116394,
            "hex": "#000000"
          },
          "$extensions": {
            "com.figma.variableId": "VariableID:17536:59785",
            "com.figma.hiddenFromPublishing": true,
            "com.figma.scopes": [
              "ALL_SCOPES"
            ],
            "com.figma.isOverride": true
          }
        },
        "64": {
          "$type": "color",
          "$value": {
            "colorSpace": "srgb",
            "components": [
              0,
              0,
              0
            ],
            "alpha": 0.6399999856948853,
            "hex": "#000000"
          },
          "$extensions": {
            "com.figma.variableId": "VariableID:17536:59734",
            "com.figma.hiddenFromPublishing": true,
            "com.figma.scopes": [
              "ALL_SCOPES"
            ],
            "com.figma.isOverride": true
          }
        },
        "72": {
          "$type": "color",
          "$value": {
            "colorSpace": "srgb",
            "components": [
              0,
              0,
              0
            ],
            "alpha": 0.7200000286102295,
            "hex": "#000000"
          },
          "$extensions": {
            "com.figma.variableId": "VariableID:17536:59748",
            "com.figma.hiddenFromPublishing": true,
            "com.figma.scopes": [
              "ALL_SCOPES"
            ],
            "com.figma.isOverride": true
          }
        },
        "84": {
          "$type": "color",
          "$value": {
            "colorSpace": "srgb",
            "components": [
              0,
              0,
              0
            ],
            "alpha": 0.8399999737739563,
            "hex": "#000000"
          },
          "$extensions": {
            "com.figma.variableId": "VariableID:17536:59832",
            "com.figma.hiddenFromPublishing": true,
            "com.figma.scopes": [
              "ALL_SCOPES"
            ],
            "com.figma.isOverride": true
          }
        },
        "00": {
          "$type": "color",
          "$value": {
            "colorSpace": "srgb",
            "components": [
              0,
              0,
              0
            ],
            "alpha": 0,
            "hex": "#000000"
          },
          "$extensions": {
            "com.figma.variableId": "VariableID:17536:59731",
            "com.figma.hiddenFromPublishing": true,
            "com.figma.scopes": [
              "ALL_SCOPES"
            ],
            "com.figma.isOverride": true
          }
        },
        "04": {
          "$type": "color",
          "$value": {
            "colorSpace": "srgb",
            "components": [
              0,
              0,
              0
            ],
            "alpha": 0.03999999910593033,
            "hex": "#000000"
          },
          "$extensions": {
            "com.figma.variableId": "VariableID:17536:59792",
            "com.figma.hiddenFromPublishing": true,
            "com.figma.scopes": [
              "ALL_SCOPES"
            ],
            "com.figma.isOverride": true
          }
        },
        "08": {
          "$type": "color",
          "$value": {
            "colorSpace": "srgb",
            "components": [
              0,
              0,
              0
            ],
            "alpha": 0.07999999821186066,
            "hex": "#000000"
          },
          "$extensions": {
            "com.figma.variableId": "VariableID:17536:59798",
            "com.figma.hiddenFromPublishing": true,
            "com.figma.scopes": [
              "ALL_SCOPES"
            ],
            "com.figma.isOverride": true
          }
        }
      },
      "white": {
        "12": {
          "$type": "color",
          "$value": {
            "colorSpace": "srgb",
            "components": [
              1,
              1,
              1
            ],
            "alpha": 0.11999999731779099,
            "hex": "#FFFFFF"
          },
          "$extensions": {
            "com.figma.variableId": "VariableID:17536:59784",
            "com.figma.hiddenFromPublishing": true,
            "com.figma.scopes": [
              "ALL_SCOPES"
            ],
            "com.figma.isOverride": true
          }
        },
        "16": {
          "$type": "color",
          "$value": {
            "colorSpace": "srgb",
            "components": [
              1,
              1,
              1
            ],
            "alpha": 0.1599999964237213,
            "hex": "#FFFFFF"
          },
          "$extensions": {
            "com.figma.variableId": "VariableID:17536:59788",
            "com.figma.hiddenFromPublishing": true,
            "com.figma.scopes": [
              "ALL_SCOPES"
            ],
            "com.figma.isOverride": true
          }
        },
        "24": {
          "$type": "color",
          "$value": {
            "colorSpace": "srgb",
            "components": [
              1,
              1,
              1
            ],
            "alpha": 0.23999999463558197,
            "hex": "#FFFFFF"
          },
          "$extensions": {
            "com.figma.variableId": "VariableID:17536:59802",
            "com.figma.hiddenFromPublishing": true,
            "com.figma.scopes": [
              "ALL_SCOPES"
            ],
            "com.figma.isOverride": true
          }
        },
        "32": {
          "$type": "color",
          "$value": {
            "colorSpace": "srgb",
            "components": [
              1,
              1,
              1
            ],
            "alpha": 0.3199999928474426,
            "hex": "#FFFFFF"
          },
          "$extensions": {
            "com.figma.variableId": "VariableID:17536:59840",
            "com.figma.hiddenFromPublishing": true,
            "com.figma.scopes": [
              "ALL_SCOPES"
            ],
            "com.figma.isOverride": true
          }
        },
        "48": {
          "$type": "color",
          "$value": {
            "colorSpace": "srgb",
            "components": [
              1,
              1,
              1
            ],
            "alpha": 0.47999998927116394,
            "hex": "#FFFFFF"
          },
          "$extensions": {
            "com.figma.variableId": "VariableID:17536:59814",
            "com.figma.hiddenFromPublishing": true,
            "com.figma.scopes": [
              "ALL_SCOPES"
            ],
            "com.figma.isOverride": true
          }
        },
        "64": {
          "$type": "color",
          "$value": {
            "colorSpace": "srgb",
            "components": [
              1,
              1,
              1
            ],
            "alpha": 0.6399999856948853,
            "hex": "#FFFFFF"
          },
          "$extensions": {
            "com.figma.variableId": "VariableID:17536:59836",
            "com.figma.hiddenFromPublishing": true,
            "com.figma.scopes": [
              "ALL_SCOPES"
            ],
            "com.figma.isOverride": true
          }
        },
        "72": {
          "$type": "color",
          "$value": {
            "colorSpace": "srgb",
            "components": [
              1,
              1,
              1
            ],
            "alpha": 0.7200000286102295,
            "hex": "#FFFFFF"
          },
          "$extensions": {
            "com.figma.variableId": "VariableID:17536:59783",
            "com.figma.hiddenFromPublishing": true,
            "com.figma.scopes": [
              "ALL_SCOPES"
            ],
            "com.figma.isOverride": true
          }
        },
        "84": {
          "$type": "color",
          "$value": {
            "colorSpace": "srgb",
            "components": [
              1,
              1,
              1
            ],
            "alpha": 0.8399999737739563,
            "hex": "#FFFFFF"
          },
          "$extensions": {
            "com.figma.variableId": "VariableID:17536:59741",
            "com.figma.hiddenFromPublishing": true,
            "com.figma.scopes": [
              "ALL_SCOPES"
            ],
            "com.figma.isOverride": true
          }
        },
        "00": {
          "$type": "color",
          "$value": {
            "colorSpace": "srgb",
            "components": [
              1,
              1,
              1
            ],
            "alpha": 0,
            "hex": "#FFFFFF"
          },
          "$extensions": {
            "com.figma.variableId": "VariableID:17536:59837",
            "com.figma.hiddenFromPublishing": true,
            "com.figma.scopes": [
              "ALL_SCOPES"
            ],
            "com.figma.isOverride": true
          }
        },
        "04": {
          "$type": "color",
          "$value": {
            "colorSpace": "srgb",
            "components": [
              1,
              1,
              1
            ],
            "alpha": 0.03999999910593033,
            "hex": "#FFFFFF"
          },
          "$extensions": {
            "com.figma.variableId": "VariableID:17536:59834",
            "com.figma.hiddenFromPublishing": true,
            "com.figma.scopes": [
              "ALL_SCOPES"
            ],
            "com.figma.isOverride": true
          }
        },
        "08": {
          "$type": "color",
          "$value": {
            "colorSpace": "srgb",
            "components": [
              1,
              1,
              1
            ],
            "alpha": 0.07999999821186066,
            "hex": "#FFFFFF"
          },
          "$extensions": {
            "com.figma.variableId": "VariableID:17536:59821",
            "com.figma.hiddenFromPublishing": true,
            "com.figma.scopes": [
              "ALL_SCOPES"
            ],
            "com.figma.isOverride": true
          }
        }
      }
    },
    "brand": {
      "adobe-red": {
        "$type": "color",
        "$value": {
          "colorSpace": "srgb",
          "components": [
            0.9215686321258545,
            0.062745101749897,
            0
          ],
          "alpha": 1,
          "hex": "#EB1000"
        },
        "$extensions": {
          "com.figma.variableId": "VariableID:18114:55314",
          "com.figma.scopes": [
            "ALL_SCOPES"
          ],
          "com.figma.isOverride": true
        }
      }
    }
  },
  "$extensions": {
    "com.figma.modeName": "Dark"
  }
}