{
  "color": {
    "gray": {
      "25": {
        "$type": "color",
        "$value": {
          "colorSpace": "srgb",
          "components": [
            1,
            1,
            1
          ],
          "alpha": 1,
          "hex": "#FFFFFF"
        },
        "$extensions": {
          "com.figma.variableId": "VariableID:17536:59825",
          "com.figma.hiddenFromPublishing": true,
          "com.figma.scopes": [
            "ALL_SCOPES"
          ],
          "com.figma.isOverride": true
        }
      },
      "50": {
        "$type": "color",
        "$value": {
          "colorSpace": "srgb",
          "components": [
            0.9725490212440491,
            0.9725490212440491,
            0.9725490212440491
          ],
          "alpha": 1,
          "hex": "#F8F8F8"
        },
        "$extensions": {
          "com.figma.variableId": "VariableID:17536:59775",
          "com.figma.hiddenFromPublishing": true,
          "com.figma.scopes": [
            "ALL_SCOPES"
          ],
          "com.figma.isOverride": true
        }
      },
      "75": {
        "$type": "color",
        "$value": {
          "colorSpace": "srgb",
          "components": [
            0.9529411792755127,
            0.9529411792755127,
            0.9529411792755127
          ],
          "alpha": 1,
          "hex": "#F3F3F3"
        },
        "$extensions": {
          "com.figma.variableId": "VariableID:17536:59744",
          "com.figma.hiddenFromPublishing": true,
          "com.figma.scopes": [
            "ALL_SCOPES"
          ],
          "com.figma.isOverride": true
        }
      },
      "100": {
        "$type": "color",
        "$value": {
          "colorSpace": "srgb",
          "components": [
            0.9137254953384399,
            0.9137254953384399,
            0.9137254953384399
          ],
          "alpha": 1,
          "hex": "#E9E9E9"
        },
        "$extensions": {
          "com.figma.variableId": "VariableID:17536:59752",
          "com.figma.hiddenFromPublishing": true,
          "com.figma.scopes": [
            "ALL_SCOPES"
          ],
          "com.figma.isOverride": true
        }
      },
      "200": {
        "$type": "color",
        "$value": {
          "colorSpace": "srgb",
          "components": [
            0.8823529481887817,
            0.8823529481887817,
            0.8823529481887817
          ],
          "alpha": 1,
          "hex": "#E1E1E1"
        },
        "$extensions": {
          "com.figma.variableId": "VariableID:17536:59735",
          "com.figma.hiddenFromPublishing": true,
          "com.figma.scopes": [
            "ALL_SCOPES"
          ],
          "com.figma.isOverride": true
        }
      },
      "300": {
        "$type": "color",
        "$value": {
          "colorSpace": "srgb",
          "components": [
            0.8549019694328308,
            0.8549019694328308,
            0.8549019694328308
          ],
          "alpha": 1,
          "hex": "#DADADA"
        },
        "$extensions": {
          "com.figma.variableId": "VariableID:17536:59765",
          "com.figma.hiddenFromPublishing": true,
          "com.figma.scopes": [
            "ALL_SCOPES"
          ],
          "com.figma.isOverride": true
        }
      },
      "400": {
        "$type": "color",
        "$value": {
          "colorSpace": "srgb",
          "components": [
            0.7764706015586853,
            0.7764706015586853,
            0.7764706015586853
          ],
          "alpha": 1,
          "hex": "#C6C6C6"
        },
        "$extensions": {
          "com.figma.variableId": "VariableID:17536:59723",
          "com.figma.hiddenFromPublishing": true,
          "com.figma.scopes": [
            "ALL_SCOPES"
          ],
          "com.figma.isOverride": true
        }
      },
      "500": {
        "$type": "color",
        "$value": {
          "colorSpace": "srgb",
          "components": [
            0.5607843399047852,
            0.5607843399047852,
            0.5607843399047852
          ],
          "alpha": 1,
          "hex": "#8F8F8F"
        },
        "$extensions": {
          "com.figma.variableId": "VariableID:17536:59716",
          "com.figma.hiddenFromPublishing": true,
          "com.figma.scopes": [
            "ALL_SCOPES"
          ],
          "com.figma.isOverride": true
        }
      },
      "600": {
        "$type": "color",
        "$value": {
          "colorSpace": "srgb",
          "components": [
            0.4431372582912445,
            0.4431372582912445,
            0.4431372582912445
          ],
          "alpha": 1,
          "hex": "#717171"
        },
        "$extensions": {
          "com.figma.variableId": "VariableID:17536:59750",
          "com.figma.hiddenFromPublishing": true,
          "com.figma.scopes": [
            "ALL_SCOPES"
          ],
          "com.figma.isOverride": true
        }
      },
      "700": {
        "$type": "color",
        "$value": {
          "colorSpace": "srgb",
          "components": [
            0.3137255012989044,
            0.3137255012989044,
            0.3137255012989044
          ],
          "alpha": 1,
          "hex": "#505050"
        },
        "$extensions": {
          "com.figma.variableId": "VariableID:17536:59763",
          "com.figma.hiddenFromPublishing": true,
          "com.figma.scopes": [
            "ALL_SCOPES"
          ],
          "com.figma.isOverride": true
        }
      },
      "800": {
        "$type": "color",
        "$value": {
          "colorSpace": "srgb",
          "components": [
            0.16078431904315948,
            0.16078431904315948,
            0.16078431904315948
          ],
          "alpha": 1,
          "hex": "#292929"
        },
        "$extensions": {
          "com.figma.variableId": "VariableID:17536:59803",
          "com.figma.hiddenFromPublishing": true,
          "com.figma.scopes": [
            "ALL_SCOPES"
          ],
          "com.figma.isOverride": true
        }
      },
      "900": {
        "$type": "color",
        "$value": {
          "colorSpace": "srgb",
          "components": [
            0.07450980693101883,
            0.07450980693101883,
            0.07450980693101883
          ],
          "alpha": 1,
          "hex": "#131313"
        },
        "$extensions": {
          "com.figma.variableId": "VariableID:17536:59809",
          "com.figma.hiddenFromPublishing": true,
          "com.figma.scopes": [
            "ALL_SCOPES"
          ],
          "com.figma.isOverride": true
        }
      },
      "1000": {
        "$type": "color",
        "$value": {
          "colorSpace": "srgb",
          "components": [
            0,
            0,
            0
          ],
          "alpha": 1,
          "hex": "#000000"
        },
        "$extensions": {
          "com.figma.variableId": "VariableID:17536:59804",
          "com.figma.hiddenFromPublishing": true,
          "com.figma.scopes": [
            "ALL_SCOPES"
          ],
          "com.figma.isOverride": true
        }
      }
    },
    "green": {
      "100": {
        "$type": "color",
        "$value": {
          "colorSpace": "srgb",
          "components": [
            0.929411768913269,
            0.9882352948188782,
            0.9450980424880981
          ],
          "alpha": 1,
          "hex": "#EDFCF1"
        },
        "$extensions": {
          "com.figma.variableId": "VariableID:17536:59730",
          "com.figma.hiddenFromPublishing": true,
          "com.figma.scopes": [
            "ALL_SCOPES"
          ],
          "com.figma.isOverride": true
        }
      },
      "200": {
        "$type": "color",
        "$value": {
          "colorSpace": "srgb",
          "components": [
            0.843137264251709,
            0.9686274528503418,
            0.8823529481887817
          ],
          "alpha": 1,
          "hex": "#D7F7E1"
        },
        "$extensions": {
          "com.figma.variableId": "VariableID:17536:59781",
          "com.figma.hiddenFromPublishing": true,
          "com.figma.scopes": [
            "ALL_SCOPES"
          ],
          "com.figma.isOverride": true
        }
      },
      "300": {
        "$type": "color",
        "$value": {
          "colorSpace": "srgb",
          "components": [
            0.6784313917160034,
            0.9333333373069763,
            0.772549033164978
          ],
          "alpha": 1,
          "hex": "#ADEEC5"
        },
        "$extensions": {
          "com.figma.variableId": "VariableID:17536:59780",
          "com.figma.hiddenFromPublishing": true,
          "com.figma.scopes": [
            "ALL_SCOPES"
          ],
          "com.figma.isOverride": true
        }
      },
      "400": {
        "$type": "color",
        "$value": {
          "colorSpace": "srgb",
          "components": [
            0.41960784792900085,
            0.8901960849761963,
            0.6352941393852234
          ],
          "alpha": 1,
          "hex": "#6BE3A2"
        },
        "$extensions": {
          "com.figma.variableId": "VariableID:17536:59791",
          "com.figma.hiddenFromPublishing": true,
          "com.figma.scopes": [
            "ALL_SCOPES"
          ],
          "com.figma.isOverride": true
        }
      },
      "500": {
        "$type": "color",
        "$value": {
          "colorSpace": "srgb",
          "components": [
            0.16862745583057404,
            0.8196078538894653,
            0.4901960790157318
          ],
          "alpha": 1,
          "hex": "#2BD17D"
        },
        "$extensions": {
          "com.figma.variableId": "VariableID:17536:59760",
          "com.figma.hiddenFromPublishing": true,
          "com.figma.scopes": [
            "ALL_SCOPES"
          ],
          "com.figma.isOverride": true
        }
      },
      "600": {
        "$type": "color",
        "$value": {
          "colorSpace": "srgb",
          "components": [
            0.07058823853731155,
            0.7215686440467834,
            0.40392157435417175
          ],
          "alpha": 1,
          "hex": "#12B867"
        },
        "$extensions": {
          "com.figma.variableId": "VariableID:17536:59773",
          "com.figma.hiddenFromPublishing": true,
          "com.figma.scopes": [
            "ALL_SCOPES"
          ],
          "com.figma.isOverride": true
        }
      },
      "700": {
        "$type": "color",
        "$value": {
          "colorSpace": "srgb",
          "components": [
            0.04313725605607033,
            0.6431372761726379,
            0.364705890417099
          ],
          "alpha": 1,
          "hex": "#0BA45D"
        },
        "$extensions": {
          "com.figma.variableId": "VariableID:17536:59757",
          "com.figma.hiddenFromPublishing": true,
          "com.figma.scopes": [
            "ALL_SCOPES"
          ],
          "com.figma.isOverride": true
        }
      },
      "800": {
        "$type": "color",
        "$value": {
          "colorSpace": "srgb",
          "components": [
            0.027450980618596077,
            0.5764706134796143,
            0.3333333432674408
          ],
          "alpha": 1,
          "hex": "#079355"
        },
        "$extensions": {
          "com.figma.variableId": "VariableID:17536:59800",
          "com.figma.hiddenFromPublishing": true,
          "com.figma.scopes": [
            "ALL_SCOPES"
          ],
          "com.figma.isOverride": true
        }
      },
      "900": {
        "$type": "color",
        "$value": {
          "colorSpace": "srgb",
          "components": [
            0.019607843831181526,
            0.5137255191802979,
            0.30588236451148987
          ],
          "alpha": 1,
          "hex": "#05834E"
        },
        "$extensions": {
          "com.figma.variableId": "VariableID:17536:59799",
          "com.figma.hiddenFromPublishing": true,
          "com.figma.scopes": [
            "ALL_SCOPES"
          ],
          "com.figma.isOverride": true
        }
      },
      "1000": {
        "$type": "color",
        "$value": {
          "colorSpace": "srgb",
          "components": [
            0.0117647061124444,
            0.4313725531101227,
            0.2705882489681244
          ],
          "alpha": 1,
          "hex": "#036E45"
        },
        "$extensions": {
          "com.figma.variableId": "VariableID:17536:59808",
          "com.figma.hiddenFromPublishing": true,
          "com.figma.scopes": [
            "ALL_SCOPES"
          ],
          "com.figma.isOverride": true
        }
      },
      "1100": {
        "$type": "color",
        "$value": {
          "colorSpace": "srgb",
          "components": [
            0.007843137718737125,
            0.364705890417099,
            0.23529411852359772
          ],
          "alpha": 1,
          "hex": "#025D3C"
        },
        "$extensions": {
          "com.figma.variableId": "VariableID:17536:59771",
          "com.figma.hiddenFromPublishing": true,
          "com.figma.scopes": [
            "ALL_SCOPES"
          ],
          "com.figma.isOverride": true
        }
      },
      "1200": {
        "$type": "color",
        "$value": {
          "colorSpace": "srgb",
          "components": [
            0.003921568859368563,
            0.2980392277240753,
            0.20392157137393951
          ],
          "alpha": 1,
          "hex": "#014C34"
        },
        "$extensions": {
          "com.figma.variableId": "VariableID:17536:59826",
          "com.figma.hiddenFromPublishing": true,
          "com.figma.scopes": [
            "ALL_SCOPES"
          ],
          "com.figma.isOverride": true
        }
      },
      "1300": {
        "$type": "color",
        "$value": {
          "colorSpace": "srgb",
          "components": [
            0,
            0.239215686917305,
            0.1725490242242813
          ],
          "alpha": 1,
          "hex": "#003D2C"
        },
        "$extensions": {
          "com.figma.variableId": "VariableID:17536:59769",
          "com.figma.hiddenFromPublishing": true,
          "com.figma.scopes": [
            "ALL_SCOPES"
          ],
          "com.figma.isOverride": true
        }
      },
      "1400": {
        "$type": "color",
        "$value": {
          "colorSpace": "srgb",
          "components": [
            0,
            0.18039216101169586,
            0.13333334028720856
          ],
          "alpha": 1,
          "hex": "#002E22"
        },
        "$extensions": {
          "com.figma.variableId": "VariableID:17536:59751",
          "com.figma.hiddenFromPublishing": true,
          "com.figma.scopes": [
            "ALL_SCOPES"
          ],
          "com.figma.isOverride": true
        }
      },
      "1500": {
        "$type": "color",
        "$value": {
          "colorSpace": "srgb",
          "components": [
            0,
            0.12941177189350128,
            0.09803921729326248
          ],
          "alpha": 1,
          "hex": "#002119"
        },
        "$extensions": {
          "com.figma.variableId": "VariableID:17536:59766",
          "com.figma.hiddenFromPublishing": true,
          "com.figma.scopes": [
            "ALL_SCOPES"
          ],
          "com.figma.isOverride": true
        }
      },
      "1600": {
        "$type": "color",
        "$value": {
          "colorSpace": "srgb",
          "components": [
            0,
            0.05882352963089943,
            0.0470588244497776
          ],
          "alpha": 1,
          "hex": "#000F0C"
        },
        "$extensions": {
          "com.figma.variableId": "VariableID:17536:59762",
          "com.figma.hiddenFromPublishing": true,
          "com.figma.scopes": [
            "ALL_SCOPES"
          ],
          "com.figma.isOverride": true
        }
      }
    },
    "blue": {
      "100": {
        "$type": "color",
        "$value": {
          "colorSpace": "srgb",
          "components": [
            0.9607843160629272,
            0.9764705896377563,
            1
          ],
          "alpha": 1,
          "hex": "#F5F9FF"
        },
        "$extensions": {
          "com.figma.variableId": "VariableID:17536:59759",
          "com.figma.hiddenFromPublishing": true,
          "com.figma.scopes": [
            "ALL_SCOPES"
          ],
          "com.figma.isOverride": true
        }
      },
      "200": {
        "$type": "color",
        "$value": {
          "colorSpace": "srgb",
          "components": [
            0.8980392217636108,
            0.9411764740943909,
            0.9960784316062927
          ],
          "alpha": 1,
          "hex": "#E5F0FE"
        },
        "$extensions": {
          "com.figma.variableId": "VariableID:17536:59758",
          "com.figma.hiddenFromPublishing": true,
          "com.figma.scopes": [
            "ALL_SCOPES"
          ],
          "com.figma.isOverride": true
        }
      },
      "300": {
        "$type": "color",
        "$value": {
          "colorSpace": "srgb",
          "components": [
            0.7960784435272217,
            0.886274516582489,
            0.9960784316062927
          ],
          "alpha": 1,
          "hex": "#CBE2FE"
        },
        "$extensions": {
          "com.figma.variableId": "VariableID:17536:59777",
          "com.figma.hiddenFromPublishing": true,
          "com.figma.scopes": [
            "ALL_SCOPES"
          ],
          "com.figma.isOverride": true
        }
      },
      "400": {
        "$type": "color",
        "$value": {
          "colorSpace": "srgb",
          "components": [
            0.6745098233222961,
            0.8117647171020508,
            0.9921568632125854
          ],
          "alpha": 1,
          "hex": "#ACCFFD"
        },
        "$extensions": {
          "com.figma.variableId": "VariableID:17536:59756",
          "com.figma.hiddenFromPublishing": true,
          "com.figma.scopes": [
            "ALL_SCOPES"
          ],
          "com.figma.isOverride": true
        }
      },
      "500": {
        "$type": "color",
        "$value": {
          "colorSpace": "srgb",
          "components": [
            0.5568627715110779,
            0.7254902124404907,
            0.9882352948188782
          ],
          "alpha": 1,
          "hex": "#8EB9FC"
        },
        "$extensions": {
          "com.figma.variableId": "VariableID:17536:59754",
          "com.figma.hiddenFromPublishing": true,
          "com.figma.scopes": [
            "ALL_SCOPES"
          ],
          "com.figma.isOverride": true
        }
      },
      "600": {
        "$type": "color",
        "$value": {
          "colorSpace": "srgb",
          "components": [
            0.4470588266849518,
            0.6196078658103943,
            0.9921568632125854
          ],
          "alpha": 1,
          "hex": "#729EFD"
        },
        "$extensions": {
          "com.figma.variableId": "VariableID:17536:59831",
          "com.figma.hiddenFromPublishing": true,
          "com.figma.scopes": [
            "ALL_SCOPES"
          ],
          "com.figma.isOverride": true
        }
      },
      "700": {
        "$type": "color",
        "$value": {
          "colorSpace": "srgb",
          "components": [
            0.364705890417099,
            0.5372549295425415,
            1
          ],
          "alpha": 1,
          "hex": "#5D89FF"
        },
        "$extensions": {
          "com.figma.variableId": "VariableID:17536:59767",
          "com.figma.hiddenFromPublishing": true,
          "com.figma.scopes": [
            "ALL_SCOPES"
          ],
          "com.figma.isOverride": true
        }
      },
      "800": {
        "$type": "color",
        "$value": {
          "colorSpace": "srgb",
          "components": [
            0.29411765933036804,
            0.4588235318660736,
            1
          ],
          "alpha": 1,
          "hex": "#4B75FF"
        },
        "$extensions": {
          "com.figma.variableId": "VariableID:17536:59753",
          "com.figma.hiddenFromPublishing": true,
          "com.figma.scopes": [
            "ALL_SCOPES"
          ],
          "com.figma.isOverride": true
        }
      },
      "900": {
        "$type": "color",
        "$value": {
          "colorSpace": "srgb",
          "components": [
            0.23137255012989044,
            0.38823530077934265,
            0.9843137264251709
          ],
          "alpha": 1,
          "hex": "#3B63FB"
        },
        "$extensions": {
          "com.figma.variableId": "VariableID:17536:59787",
          "com.figma.hiddenFromPublishing": true,
          "com.figma.scopes": [
            "ALL_SCOPES"
          ],
          "com.figma.isOverride": true
        }
      },
      "1000": {
        "$type": "color",
        "$value": {
          "colorSpace": "srgb",
          "components": [
            0.15294118225574493,
            0.3019607961177826,
            0.9176470637321472
          ],
          "alpha": 1,
          "hex": "#274DEA"
        },
        "$extensions": {
          "com.figma.variableId": "VariableID:17536:59742",
          "com.figma.hiddenFromPublishing": true,
          "com.figma.scopes": [
            "ALL_SCOPES"
          ],
          "com.figma.isOverride": true
        }
      },
      "1100": {
        "$type": "color",
        "$value": {
          "colorSpace": "srgb",
          "components": [
            0.11372549086809158,
            0.24313725531101227,
            0.8117647171020508
          ],
          "alpha": 1,
          "hex": "#1D3ECF"
        },
        "$extensions": {
          "com.figma.variableId": "VariableID:17536:59812",
          "com.figma.hiddenFromPublishing": true,
          "com.figma.scopes": [
            "ALL_SCOPES"
          ],
          "com.figma.isOverride": true
        }
      },
      "1200": {
        "$type": "color",
        "$value": {
          "colorSpace": "srgb",
          "components": [
            0.08235294371843338,
            0.19607843458652496,
            0.6784313917160034
          ],
          "alpha": 1,
          "hex": "#1532AD"
        },
        "$extensions": {
          "com.figma.variableId": "VariableID:17536:59772",
          "com.figma.hiddenFromPublishing": true,
          "com.figma.scopes": [
            "ALL_SCOPES"
          ],
          "com.figma.isOverride": true
        }
      },
      "1300": {
        "$type": "color",
        "$value": {
          "colorSpace": "srgb",
          "components": [
            0.062745101749897,
            0.1568627506494522,
            0.5490196347236633
          ],
          "alpha": 1,
          "hex": "#10288C"
        },
        "$extensions": {
          "com.figma.variableId": "VariableID:17536:59739",
          "com.figma.hiddenFromPublishing": true,
          "com.figma.scopes": [
            "ALL_SCOPES"
          ],
          "com.figma.isOverride": true
        }
      },
      "1400": {
        "$type": "color",
        "$value": {
          "colorSpace": "srgb",
          "components": [
            0.0470588244497776,
            0.12156862765550613,
            0.4117647111415863
          ],
          "alpha": 1,
          "hex": "#0C1F69"
        },
        "$extensions": {
          "com.figma.variableId": "VariableID:17536:59789",
          "com.figma.hiddenFromPublishing": true,
          "com.figma.scopes": [
            "ALL_SCOPES"
          ],
          "com.figma.isOverride": true
        }
      },
      "1500": {
        "$type": "color",
        "$value": {
          "colorSpace": "srgb",
          "components": [
            0.054901961237192154,
            0.0941176488995552,
            0.26274511218070984
          ],
          "alpha": 1,
          "hex": "#0E1843"
        },
        "$extensions": {
          "com.figma.variableId": "VariableID:17536:59749",
          "com.figma.hiddenFromPublishing": true,
          "com.figma.scopes": [
            "ALL_SCOPES"
          ],
          "com.figma.isOverride": true
        }
      },
      "1600": {
        "$type": "color",
        "$value": {
          "colorSpace": "srgb",
          "components": [
            0.027450980618596077,
            0.04313725605607033,
            0.11764705926179886
          ],
          "alpha": 1,
          "hex": "#070B1E"
        },
        "$extensions": {
          "com.figma.variableId": "VariableID:17536:59738",
          "com.figma.hiddenFromPublishing": true,
          "com.figma.scopes": [
            "ALL_SCOPES"
          ],
          "com.figma.isOverride": true
        }
      }
    },
    "red": {
      "100": {
        "$type": "color",
        "$value": {
          "colorSpace": "srgb",
          "components": [
            1,
            0.9647058844566345,
            0.9607843160629272
          ],
          "alpha": 1,
          "hex": "#FFF6F5"
        },
        "$extensions": {
          "com.figma.variableId": "VariableID:17536:59737",
          "com.figma.hiddenFromPublishing": true,
          "com.figma.scopes": [
            "ALL_SCOPES"
          ],
          "com.figma.isOverride": true
        }
      },
      "200": {
        "$type": "color",
        "$value": {
          "colorSpace": "srgb",
          "components": [
            1,
            0.9215686321258545,
            0.9098039269447327
          ],
          "alpha": 1,
          "hex": "#FFEBE8"
        },
        "$extensions": {
          "com.figma.variableId": "VariableID:17536:59728",
          "com.figma.hiddenFromPublishing": true,
          "com.figma.scopes": [
            "ALL_SCOPES"
          ],
          "com.figma.isOverride": true
        }
      },
      "300": {
        "$type": "color",
        "$value": {
          "colorSpace": "srgb",
          "components": [
            1,
            0.8392156958580017,
            0.8196078538894653
          ],
          "alpha": 1,
          "hex": "#FFD6D1"
        },
        "$extensions": {
          "com.figma.variableId": "VariableID:17536:59830",
          "com.figma.hiddenFromPublishing": true,
          "com.figma.scopes": [
            "ALL_SCOPES"
          ],
          "com.figma.isOverride": true
        }
      },
      "400": {
        "$type": "color",
        "$value": {
          "colorSpace": "srgb",
          "components": [
            1,
            0.7372549176216125,
            0.7058823704719543
          ],
          "alpha": 1,
          "hex": "#FFBCB4"
        },
        "$extensions": {
          "com.figma.variableId": "VariableID:17536:59770",
          "com.figma.hiddenFromPublishing": true,
          "com.figma.scopes": [
            "ALL_SCOPES"
          ],
          "com.figma.isOverride": true
        }
      },
      "500": {
        "$type": "color",
        "$value": {
          "colorSpace": "srgb",
          "components": [
            1,
            0.615686297416687,
            0.5686274766921997
          ],
          "alpha": 1,
          "hex": "#FF9D91"
        },
        "$extensions": {
          "com.figma.variableId": "VariableID:17536:59824",
          "com.figma.hiddenFromPublishing": true,
          "com.figma.scopes": [
            "ALL_SCOPES"
          ],
          "com.figma.isOverride": true
        }
      },
      "600": {
        "$type": "color",
        "$value": {
          "colorSpace": "srgb",
          "components": [
            1,
            0.4627451002597809,
            0.3960784375667572
          ],
          "alpha": 1,
          "hex": "#FF7665"
        },
        "$extensions": {
          "com.figma.variableId": "VariableID:17536:59842",
          "com.figma.hiddenFromPublishing": true,
          "com.figma.scopes": [
            "ALL_SCOPES"
          ],
          "com.figma.isOverride": true
        }
      },
      "700": {
        "$type": "color",
        "$value": {
          "colorSpace": "srgb",
          "components": [
            1,
            0.3176470696926117,
            0.239215686917305
          ],
          "alpha": 1,
          "hex": "#FF513D"
        },
        "$extensions": {
          "com.figma.variableId": "VariableID:17536:59732",
          "com.figma.hiddenFromPublishing": true,
          "com.figma.scopes": [
            "ALL_SCOPES"
          ],
          "com.figma.isOverride": true
        }
      },
      "800": {
        "$type": "color",
        "$value": {
          "colorSpace": "srgb",
          "components": [
            0.9411764740943909,
            0.21960784494876862,
            0.13725490868091583
          ],
          "alpha": 1,
          "hex": "#F03823"
        },
        "$extensions": {
          "com.figma.variableId": "VariableID:17536:59745",
          "com.figma.hiddenFromPublishing": true,
          "com.figma.scopes": [
            "ALL_SCOPES"
          ],
          "com.figma.isOverride": true
        }
      },
      "900": {
        "$type": "color",
        "$value": {
          "colorSpace": "srgb",
          "components": [
            0.843137264251709,
            0.19607843458652496,
            0.125490203499794
          ],
          "alpha": 1,
          "hex": "#D73220"
        },
        "$extensions": {
          "com.figma.variableId": "VariableID:17536:59736",
          "com.figma.hiddenFromPublishing": true,
          "com.figma.scopes": [
            "ALL_SCOPES"
          ],
          "com.figma.isOverride": true
        }
      },
      "1000": {
        "$type": "color",
        "$value": {
          "colorSpace": "srgb",
          "components": [
            0.7176470756530762,
            0.1568627506494522,
            0.0941176488995552
          ],
          "alpha": 1,
          "hex": "#B72818"
        },
        "$extensions": {
          "com.figma.variableId": "VariableID:17536:59729",
          "com.figma.hiddenFromPublishing": true,
          "com.figma.scopes": [
            "ALL_SCOPES"
          ],
          "com.figma.isOverride": true
        }
      },
      "1100": {
        "$type": "color",
        "$value": {
          "colorSpace": "srgb",
          "components": [
            0.6117647290229797,
            0.12941177189350128,
            0.07450980693101883
          ],
          "alpha": 1,
          "hex": "#9C2113"
        },
        "$extensions": {
          "com.figma.variableId": "VariableID:17536:59727",
          "com.figma.hiddenFromPublishing": true,
          "com.figma.scopes": [
            "ALL_SCOPES"
          ],
          "com.figma.isOverride": true
        }
      },
      "1200": {
        "$type": "color",
        "$value": {
          "colorSpace": "srgb",
          "components": [
            0.5058823823928833,
            0.10588235408067703,
            0.054901961237192154
          ],
          "alpha": 1,
          "hex": "#811B0E"
        },
        "$extensions": {
          "com.figma.variableId": "VariableID:17536:59733",
          "com.figma.hiddenFromPublishing": true,
          "com.figma.scopes": [
            "ALL_SCOPES"
          ],
          "com.figma.isOverride": true
        }
      },
      "1300": {
        "$type": "color",
        "$value": {
          "colorSpace": "srgb",
          "components": [
            0.40784314274787903,
            0.08235294371843338,
            0.03921568766236305
          ],
          "alpha": 1,
          "hex": "#68150A"
        },
        "$extensions": {
          "com.figma.variableId": "VariableID:17536:59761",
          "com.figma.hiddenFromPublishing": true,
          "com.figma.scopes": [
            "ALL_SCOPES"
          ],
          "com.figma.isOverride": true
        }
      },
      "1400": {
        "$type": "color",
        "$value": {
          "colorSpace": "srgb",
          "components": [
            0.3137255012989044,
            0.062745101749897,
            0.0235294122248888
          ],
          "alpha": 1,
          "hex": "#501006"
        },
        "$extensions": {
          "com.figma.variableId": "VariableID:17536:59726",
          "com.figma.hiddenFromPublishing": true,
          "com.figma.scopes": [
            "ALL_SCOPES"
          ],
          "com.figma.isOverride": true
        }
      },
      "1500": {
        "$type": "color",
        "$value": {
          "colorSpace": "srgb",
          "components": [
            0.23137255012989044,
            0.04313725605607033,
            0.01568627543747425
          ],
          "alpha": 1,
          "hex": "#3B0B04"
        },
        "$extensions": {
          "com.figma.variableId": "VariableID:17536:59725",
          "com.figma.hiddenFromPublishing": true,
          "com.figma.scopes": [
            "ALL_SCOPES"
          ],
          "com.figma.isOverride": true
        }
      },
      "1600": {
        "$type": "color",
        "$value": {
          "colorSpace": "srgb",
          "components": [
            0.11372549086809158,
            0.019607843831181526,
            0.007843137718737125
          ],
          "alpha": 1,
          "hex": "#1D0502"
        },
        "$extensions": {
          "com.figma.variableId": "VariableID:17536:59818",
          "com.figma.hiddenFromPublishing": true,
          "com.figma.scopes": [
            "ALL_SCOPES"
          ],
          "com.figma.isOverride": true
        }
      }
    },
    "orange": {
      "100": {
        "$type": "color",
        "$value": {
          "colorSpace": "srgb",
          "components": [
            1,
            0.9647058844566345,
            0.9058823585510254
          ],
          "alpha": 1,
          "hex": "#FFF6E7"
        },
        "$extensions": {
          "com.figma.variableId": "VariableID:17536:59724",
          "com.figma.hiddenFromPublishing": true,
          "com.figma.scopes": [
            "ALL_SCOPES"
          ],
          "com.figma.isOverride": true
        }
      },
      "200": {
        "$type": "color",
        "$value": {
          "colorSpace": "srgb",
          "components": [
            1,
            0.9254902005195618,
            0.8117647171020508
          ],
          "alpha": 1,
          "hex": "#FFECCF"
        },
        "$extensions": {
          "com.figma.variableId": "VariableID:17536:59722",
          "com.figma.hiddenFromPublishing": true,
          "com.figma.scopes": [
            "ALL_SCOPES"
          ],
          "com.figma.isOverride": true
        }
      },
      "300": {
        "$type": "color",
        "$value": {
          "colorSpace": "srgb",
          "components": [
            1,
            0.8549019694328308,
            0.6196078658103943
          ],
          "alpha": 1,
          "hex": "#FFDA9E"
        },
        "$extensions": {
          "com.figma.variableId": "VariableID:17536:59782",
          "com.figma.hiddenFromPublishing": true,
          "com.figma.scopes": [
            "ALL_SCOPES"
          ],
          "com.figma.isOverride": true
        }
      },
      "400": {
        "$type": "color",
        "$value": {
          "colorSpace": "srgb",
          "components": [
            1,
            0.7568627595901489,
            0.3686274588108063
          ],
          "alpha": 1,
          "hex": "#FFC15E"
        },
        "$extensions": {
          "com.figma.variableId": "VariableID:17536:59838",
          "com.figma.hiddenFromPublishing": true,
          "com.figma.scopes": [
            "ALL_SCOPES"
          ],
          "com.figma.isOverride": true
        }
      },
      "500": {
        "$type": "color",
        "$value": {
          "colorSpace": "srgb",
          "components": [
            1,
            0.6352941393852234,
            0.07450980693101883
          ],
          "alpha": 1,
          "hex": "#FFA213"
        },
        "$extensions": {
          "com.figma.variableId": "VariableID:17536:59817",
          "com.figma.hiddenFromPublishing": true,
          "com.figma.scopes": [
            "ALL_SCOPES"
          ],
          "com.figma.isOverride": true
        }
      },
      "600": {
        "$type": "color",
        "$value": {
          "colorSpace": "srgb",
          "components": [
            0.9882352948188782,
            0.4901960790157318,
            0
          ],
          "alpha": 1,
          "hex": "#FC7D00"
        },
        "$extensions": {
          "com.figma.variableId": "VariableID:17536:59755",
          "com.figma.hiddenFromPublishing": true,
          "com.figma.scopes": [
            "ALL_SCOPES"
          ],
          "com.figma.isOverride": true
        }
      },
      "700": {
        "$type": "color",
        "$value": {
          "colorSpace": "srgb",
          "components": [
            0.9098039269447327,
            0.4156862795352936,
            0
          ],
          "alpha": 1,
          "hex": "#E86A00"
        },
        "$extensions": {
          "com.figma.variableId": "VariableID:17536:59719",
          "com.figma.hiddenFromPublishing": true,
          "com.figma.scopes": [
            "ALL_SCOPES"
          ],
          "com.figma.isOverride": true
        }
      },
      "800": {
        "$type": "color",
        "$value": {
          "colorSpace": "srgb",
          "components": [
            0.8313725590705872,
            0.35686275362968445,
            0
          ],
          "alpha": 1,
          "hex": "#D45B00"
        },
        "$extensions": {
          "com.figma.variableId": "VariableID:17536:59823",
          "com.figma.hiddenFromPublishing": true,
          "com.figma.scopes": [
            "ALL_SCOPES"
          ],
          "com.figma.isOverride": true
        }
      },
      "900": {
        "$type": "color",
        "$value": {
          "colorSpace": "srgb",
          "components": [
            0.7607843279838562,
            0.30588236451148987,
            0
          ],
          "alpha": 1,
          "hex": "#C24E00"
        },
        "$extensions": {
          "com.figma.variableId": "VariableID:17536:59810",
          "com.figma.hiddenFromPublishing": true,
          "com.figma.scopes": [
            "ALL_SCOPES"
          ],
          "com.figma.isOverride": true
        }
      },
      "1000": {
        "$type": "color",
        "$value": {
          "colorSpace": "srgb",
          "components": [
            0.6549019813537598,
            0.24313725531101227,
            0
          ],
          "alpha": 1,
          "hex": "#A73E00"
        },
        "$extensions": {
          "com.figma.variableId": "VariableID:17536:59768",
          "com.figma.hiddenFromPublishing": true,
          "com.figma.scopes": [
            "ALL_SCOPES"
          ],
          "com.figma.isOverride": true
        }
      },
      "1100": {
        "$type": "color",
        "$value": {
          "colorSpace": "srgb",
          "components": [
            0.5647059082984924,
            0.20000000298023224,
            0
          ],
          "alpha": 1,
          "hex": "#903300"
        },
        "$extensions": {
          "com.figma.variableId": "VariableID:17536:59740",
          "com.figma.hiddenFromPublishing": true,
          "com.figma.scopes": [
            "ALL_SCOPES"
          ],
          "com.figma.isOverride": true
        }
      },
      "1200": {
        "$type": "color",
        "$value": {
          "colorSpace": "srgb",
          "components": [
            0.4627451002597809,
            0.16078431904315948,
            0
          ],
          "alpha": 1,
          "hex": "#762900"
        },
        "$extensions": {
          "com.figma.variableId": "VariableID:17536:59718",
          "com.figma.hiddenFromPublishing": true,
          "com.figma.scopes": [
            "ALL_SCOPES"
          ],
          "com.figma.isOverride": true
        }
      },
      "1300": {
        "$type": "color",
        "$value": {
          "colorSpace": "srgb",
          "components": [
            0.37254902720451355,
            0.125490203499794,
            0
          ],
          "alpha": 1,
          "hex": "#5F2000"
        },
        "$extensions": {
          "com.figma.variableId": "VariableID:17536:59746",
          "com.figma.hiddenFromPublishing": true,
          "com.figma.scopes": [
            "ALL_SCOPES"
          ],
          "com.figma.isOverride": true
        }
      },
      "1400": {
        "$type": "color",
        "$value": {
          "colorSpace": "srgb",
          "components": [
            0.2862745225429535,
            0.0941176488995552,
            0
          ],
          "alpha": 1,
          "hex": "#491800"
        },
        "$extensions": {
          "com.figma.variableId": "VariableID:17536:59717",
          "com.figma.hiddenFromPublishing": true,
          "com.figma.scopes": [
            "ALL_SCOPES"
          ],
          "com.figma.isOverride": true
        }
      },
      "1500": {
        "$type": "color",
        "$value": {
          "colorSpace": "srgb",
          "components": [
            0.20392157137393951,
            0.07058823853731155,
            0
          ],
          "alpha": 1,
          "hex": "#341200"
        },
        "$extensions": {
          "com.figma.variableId": "VariableID:17536:59813",
          "com.figma.hiddenFromPublishing": true,
          "com.figma.scopes": [
            "ALL_SCOPES"
          ],
          "com.figma.isOverride": true
        }
      },
      "1600": {
        "$type": "color",
        "$value": {
          "colorSpace": "srgb",
          "components": [
            0.09803921729326248,
            0.0313725508749485,
            0
          ],
          "alpha": 1,
          "hex": "#190800"
        },
        "$extensions": {
          "com.figma.variableId": "VariableID:17536:59841",
          "com.figma.hiddenFromPublishing": true,
          "com.figma.scopes": [
            "ALL_SCOPES"
          ],
          "com.figma.isOverride": true
        }
      }
    },
    "yellow": {
      "100": {
        "$type": "color",
        "$value": {
          "colorSpace": "srgb",
          "components": [
            1,
            0.9725490212440491,
            0.800000011920929
          ],
          "alpha": 1,
          "hex": "#FFF8CC"
        },
        "$extensions": {
          "com.figma.variableId": "VariableID:17536:59715",
          "com.figma.hiddenFromPublishing": true,
          "com.figma.scopes": [
            "ALL_SCOPES"
          ],
          "com.figma.isOverride": true
        }
      },
      "200": {
        "$type": "color",
        "$value": {
          "colorSpace": "srgb",
          "components": [
            1,
            0.9450980424880981,
            0.5921568870544434
          ],
          "alpha": 1,
          "hex": "#FFF197"
        },
        "$extensions": {
          "com.figma.variableId": "VariableID:17536:59714",
          "com.figma.hiddenFromPublishing": true,
          "com.figma.scopes": [
            "ALL_SCOPES"
          ],
          "com.figma.isOverride": true
        }
      },
      "300": {
        "$type": "color",
        "$value": {
          "colorSpace": "srgb",
          "components": [
            1,
            0.8705882430076599,
            0.1725490242242813
          ],
          "alpha": 1,
          "hex": "#FFDE2C"
        },
        "$extensions": {
          "com.figma.variableId": "VariableID:17536:59793",
          "com.figma.hiddenFromPublishing": true,
          "com.figma.scopes": [
            "ALL_SCOPES"
          ],
          "com.figma.isOverride": true
        }
      },
      "400": {
        "$type": "color",
        "$value": {
          "colorSpace": "srgb",
          "components": [
            0.9607843160629272,
            0.7803921699523926,
            0
          ],
          "alpha": 1,
          "hex": "#F5C700"
        },
        "$extensions": {
          "com.figma.variableId": "VariableID:17536:59776",
          "com.figma.hiddenFromPublishing": true,
          "com.figma.scopes": [
            "ALL_SCOPES"
          ],
          "com.figma.isOverride": true
        }
      },
      "500": {
        "$type": "color",
        "$value": {
          "colorSpace": "srgb",
          "components": [
            0.9019607901573181,
            0.686274528503418,
            0
          ],
          "alpha": 1,
          "hex": "#E6AF00"
        },
        "$extensions": {
          "com.figma.variableId": "VariableID:17536:59835",
          "com.figma.hiddenFromPublishing": true,
          "com.figma.scopes": [
            "ALL_SCOPES"
          ],
          "com.figma.isOverride": true
        }
      },
      "600": {
        "$type": "color",
        "$value": {
          "colorSpace": "srgb",
          "components": [
            0.8235294222831726,
            0.5843137502670288,
            0
          ],
          "alpha": 1,
          "hex": "#D29500"
        },
        "$extensions": {
          "com.figma.variableId": "VariableID:17536:59713",
          "com.figma.hiddenFromPublishing": true,
          "com.figma.scopes": [
            "ALL_SCOPES"
          ],
          "com.figma.isOverride": true
        }
      },
      "700": {
        "$type": "color",
        "$value": {
          "colorSpace": "srgb",
          "components": [
            0.7568627595901489,
            0.5137255191802979,
            0
          ],
          "alpha": 1,
          "hex": "#C18300"
        },
        "$extensions": {
          "com.figma.variableId": "VariableID:17536:59778",
          "com.figma.hiddenFromPublishing": true,
          "com.figma.scopes": [
            "ALL_SCOPES"
          ],
          "com.figma.isOverride": true
        }
      },
      "800": {
        "$type": "color",
        "$value": {
          "colorSpace": "srgb",
          "components": [
            0.686274528503418,
            0.45490196347236633,
            0
          ],
          "alpha": 1,
          "hex": "#AF7400"
        },
        "$extensions": {
          "com.figma.variableId": "VariableID:17536:59712",
          "com.figma.hiddenFromPublishing": true,
          "com.figma.scopes": [
            "ALL_SCOPES"
          ],
          "com.figma.isOverride": true
        }
      },
      "900": {
        "$type": "color",
        "$value": {
          "colorSpace": "srgb",
          "components": [
            0.6196078658103943,
            0.4000000059604645,
            0
          ],
          "alpha": 1,
          "hex": "#9E6600"
        },
        "$extensions": {
          "com.figma.variableId": "VariableID:17536:59711",
          "com.figma.hiddenFromPublishing": true,
          "com.figma.scopes": [
            "ALL_SCOPES"
          ],
          "com.figma.isOverride": true
        }
      },
      "1000": {
        "$type": "color",
        "$value": {
          "colorSpace": "srgb",
          "components": [
            0.5254902243614197,
            0.3333333432674408,
            0
          ],
          "alpha": 1,
          "hex": "#865500"
        },
        "$extensions": {
          "com.figma.variableId": "VariableID:17536:59743",
          "com.figma.hiddenFromPublishing": true,
          "com.figma.scopes": [
            "ALL_SCOPES"
          ],
          "com.figma.isOverride": true
        }
      },
      "1100": {
        "$type": "color",
        "$value": {
          "colorSpace": "srgb",
          "components": [
            0.4470588266849518,
            0.2823529541492462,
            0
          ],
          "alpha": 1,
          "hex": "#724800"
        },
        "$extensions": {
          "com.figma.variableId": "VariableID:17536:59710",
          "com.figma.hiddenFromPublishing": true,
          "com.figma.scopes": [
            "ALL_SCOPES"
          ],
          "com.figma.isOverride": true
        }
      },
      "1200": {
        "$type": "color",
        "$value": {
          "colorSpace": "srgb",
          "components": [
            0.364705890417099,
            0.23137255012989044,
            0
          ],
          "alpha": 1,
          "hex": "#5D3B00"
        },
        "$extensions": {
          "com.figma.variableId": "VariableID:17536:59721",
          "com.figma.hiddenFromPublishing": true,
          "com.figma.scopes": [
            "ALL_SCOPES"
          ],
          "com.figma.isOverride": true
        }
      },
      "1300": {
        "$type": "color",
        "$value": {
          "colorSpace": "srgb",
          "components": [
            0.29411765933036804,
            0.18431372940540314,
            0
          ],
          "alpha": 1,
          "hex": "#4B2F00"
        },
        "$extensions": {
          "com.figma.variableId": "VariableID:17536:59720",
          "com.figma.hiddenFromPublishing": true,
          "com.figma.scopes": [
            "ALL_SCOPES"
          ],
          "com.figma.isOverride": true
        }
      },
      "1400": {
        "$type": "color",
        "$value": {
          "colorSpace": "srgb",
          "components": [
            0.21960784494876862,
            0.13725490868091583,
            0
          ],
          "alpha": 1,
          "hex": "#382300"
        },
        "$extensions": {
          "com.figma.variableId": "VariableID:17536:59796",
          "com.figma.hiddenFromPublishing": true,
          "com.figma.scopes": [
            "ALL_SCOPES"
          ],
          "com.figma.isOverride": true
        }
      },
      "1500": {
        "$type": "color",
        "$value": {
          "colorSpace": "srgb",
          "components": [
            0.1568627506494522,
            0.09803921729326248,
            0
          ],
          "alpha": 1,
          "hex": "#281900"
        },
        "$extensions": {
          "com.figma.variableId": "VariableID:17536:59807",
          "com.figma.hiddenFromPublishing": true,
          "com.figma.scopes": [
            "ALL_SCOPES"
          ],
          "com.figma.isOverride": true
        }
      },
      "1600": {
        "$type": "color",
        "$value": {
          "colorSpace": "srgb",
          "components": [
            0.07058823853731155,
            0.04313725605607033,
            0
          ],
          "alpha": 1,
          "hex": "#120B00"
        },
        "$extensions": {
          "com.figma.variableId": "VariableID:17536:59709",
          "com.figma.hiddenFromPublishing": true,
          "com.figma.scopes": [
            "ALL_SCOPES"
          ],
          "com.figma.isOverride": true
        }
      }
    },
    "dataviz": {
      "magenta": {
        "600": {
          "$type": "color",
          "$value": {
            "colorSpace": "srgb",
            "components": [
              1,
              0.43921568989753723,
              0.6235294342041016
            ],
            "alpha": 1,
            "hex": "#FF709F"
          },
          "$extensions": {
            "com.figma.variableId": "VariableID:17536:59843",
            "com.figma.hiddenFromPublishing": true,
            "com.figma.scopes": [
              "ALL_SCOPES"
            ],
            "com.figma.isOverride": true
          }
        },
        "700": {
          "$type": "color",
          "$value": {
            "colorSpace": "srgb",
            "components": [
              1,
              0.2823529541492462,
              0.5215686559677124
            ],
            "alpha": 1,
            "hex": "#FF4885"
          },
          "$extensions": {
            "com.figma.variableId": "VariableID:17536:59820",
            "com.figma.hiddenFromPublishing": true,
            "com.figma.scopes": [
              "ALL_SCOPES"
            ],
            "com.figma.isOverride": true
          }
        }
      },
      "pink": {
        "600": {
          "$type": "color",
          "$value": {
            "colorSpace": "srgb",
            "components": [
              1,
              0.40392157435417175,
              0.800000011920929
            ],
            "alpha": 1,
            "hex": "#FF67CC"
          },
          "$extensions": {
            "com.figma.variableId": "VariableID:17536:59829",
            "com.figma.hiddenFromPublishing": true,
            "com.figma.scopes": [
              "ALL_SCOPES"
            ],
            "com.figma.isOverride": true
          }
        },
        "700": {
          "$type": "color",
          "$value": {
            "colorSpace": "srgb",
            "components": [
              0.9490196108818054,
              0.2980392277240753,
              0.7215686440467834
            ],
            "alpha": 1,
            "hex": "#F24CB8"
          },
          "$extensions": {
            "com.figma.variableId": "VariableID:17536:59833",
            "com.figma.hiddenFromPublishing": true,
            "com.figma.scopes": [
              "ALL_SCOPES"
            ],
            "com.figma.isOverride": true
          }
        }
      },
      "fuchsia": {
        "700": {
          "$type": "color",
          "$value": {
            "colorSpace": "srgb",
            "components": [
              0.8745098114013672,
              0.3019607961177826,
              0.9607843160629272
            ],
            "alpha": 1,
            "hex": "#DF4DF5"
          },
          "$extensions": {
            "com.figma.variableId": "VariableID:17536:59827",
            "com.figma.hiddenFromPublishing": true,
            "com.figma.scopes": [
              "ALL_SCOPES"
            ],
            "com.figma.isOverride": true
          }
        },
        "800": {
          "$type": "color",
          "$value": {
            "colorSpace": "srgb",
            "components": [
              0.7843137383460999,
              0.2666666805744171,
              0.8627451062202454
            ],
            "alpha": 1,
            "hex": "#C844DC"
          },
          "$extensions": {
            "com.figma.variableId": "VariableID:17536:59806",
            "com.figma.hiddenFromPublishing": true,
            "com.figma.scopes": [
              "ALL_SCOPES"
            ],
            "com.figma.isOverride": true
          }
        }
      },
      "purple": {
        "800": {
          "$type": "color",
          "$value": {
            "colorSpace": "srgb",
            "components": [
              0.6509804129600525,
              0.3607843220233917,
              0.9058823585510254
            ],
            "alpha": 1,
            "hex": "#A65CE7"
          },
          "$extensions": {
            "com.figma.variableId": "VariableID:17536:59822",
            "com.figma.hiddenFromPublishing": true,
            "com.figma.scopes": [
              "ALL_SCOPES"
            ],
            "com.figma.isOverride": true
          }
        },
        "900": {
          "$type": "color",
          "$value": {
            "colorSpace": "srgb",
            "components": [
              0.6039215922355652,
              0.27843138575553894,
              0.886274516582489
            ],
            "alpha": 1,
            "hex": "#9A47E2"
          },
          "$extensions": {
            "com.figma.variableId": "VariableID:17536:59839",
            "com.figma.hiddenFromPublishing": true,
            "com.figma.scopes": [
              "ALL_SCOPES"
            ],
            "com.figma.isOverride": true
          }
        }
      },
      "indigo": {
        "800": {
          "$type": "color",
          "$value": {
            "colorSpace": "srgb",
            "components": [
              0.47843137383461,
              0.4156862795352936,
              0.9921568632125854
            ],
            "alpha": 1,
            "hex": "#7A6AFD"
          },
          "$extensions": {
            "com.figma.variableId": "VariableID:17536:59815",
            "com.figma.hiddenFromPublishing": true,
            "com.figma.scopes": [
              "ALL_SCOPES"
            ],
            "com.figma.isOverride": true
          }
        },
        "900": {
          "$type": "color",
          "$value": {
            "colorSpace": "srgb",
            "components": [
              0.4431372582912445,
              0.3333333432674408,
              0.9803921580314636
            ],
            "alpha": 1,
            "hex": "#7155FA"
          },
          "$extensions": {
            "com.figma.variableId": "VariableID:17536:59819",
            "com.figma.hiddenFromPublishing": true,
            "com.figma.scopes": [
              "ALL_SCOPES"
            ],
            "com.figma.isOverride": true
          }
        }
      },
      "cyan": {
        "600": {
          "$type": "color",
          "$value": {
            "colorSpace": "srgb",
            "components": [
              0.1882352977991104,
              0.6549019813537598,
              0.9960784316062927
            ],
            "alpha": 1,
            "hex": "#30A7FE"
          },
          "$extensions": {
            "com.figma.variableId": "VariableID:17536:59811",
            "com.figma.hiddenFromPublishing": true,
            "com.figma.scopes": [
              "ALL_SCOPES"
            ],
            "com.figma.isOverride": true
          }
        },
        "700": {
          "$type": "color",
          "$value": {
            "colorSpace": "srgb",
            "components": [
              0.11372549086809158,
              0.5843137502670288,
              0.9058823585510254
            ],
            "alpha": 1,
            "hex": "#1D95E7"
          },
          "$extensions": {
            "com.figma.variableId": "VariableID:17536:59747",
            "com.figma.hiddenFromPublishing": true,
            "com.figma.scopes": [
              "ALL_SCOPES"
            ],
            "com.figma.isOverride": true
          }
        }
      },
      "turquoise": {
        "500": {
          "$type": "color",
          "$value": {
            "colorSpace": "srgb",
            "components": [
              0.15294118225574493,
              0.7921568751335144,
              0.8470588326454163
            ],
            "alpha": 1,
            "hex": "#27CAD8"
          },
          "$extensions": {
            "com.figma.variableId": "VariableID:17536:59816",
            "com.figma.hiddenFromPublishing": true,
            "com.figma.scopes": [
              "ALL_SCOPES"
            ],
            "com.figma.isOverride": true
          }
        },
        "600": {
          "$type": "color",
          "$value": {
            "colorSpace": "srgb",
            "components": [
              0.05882352963089943,
              0.6941176652908325,
              0.7529411911964417
            ],
            "alpha": 1,
            "hex": "#0FB1C0"
          },
          "$extensions": {
            "com.figma.variableId": "VariableID:17536:59786",
            "com.figma.hiddenFromPublishing": true,
            "com.figma.scopes": [
              "ALL_SCOPES"
            ],
            "com.figma.isOverride": true
          }
        }
      },
      "seafoam": {
        "500": {
          "$type": "color",
          "$value": {
            "colorSpace": "srgb",
            "components": [
              0.062745101749897,
              0.8117647171020508,
              0.6627451181411743
            ],
            "alpha": 1,
            "hex": "#10CFA9"
          },
          "$extensions": {
            "com.figma.variableId": "VariableID:17536:59805",
            "com.figma.hiddenFromPublishing": true,
            "com.figma.scopes": [
              "ALL_SCOPES"
            ],
            "com.figma.isOverride": true
          }
        },
        "600": {
          "$type": "color",
          "$value": {
            "colorSpace": "srgb",
            "components": [
              0.05098039284348488,
              0.7098039388656616,
              0.5843137502670288
            ],
            "alpha": 1,
            "hex": "#0DB595"
          },
          "$extensions": {
            "com.figma.variableId": "VariableID:17536:59797",
            "com.figma.hiddenFromPublishing": true,
            "com.figma.scopes": [
              "ALL_SCOPES"
            ],
            "com.figma.isOverride": true
          }
        }
      },
      "celery": {
        "500": {
          "$type": "color",
          "$value": {
            "colorSpace": "srgb",
            "components": [
              0.4313725531101227,
              0.8078431487083435,
              0.16470588743686676
            ],
            "alpha": 1,
            "hex": "#6ECE2A"
          },
          "$extensions": {
            "com.figma.variableId": "VariableID:17536:59801",
            "com.figma.hiddenFromPublishing": true,
            "com.figma.scopes": [
              "ALL_SCOPES"
            ],
            "com.figma.isOverride": true
          }
        },
        "600": {
          "$type": "color",
          "$value": {
            "colorSpace": "srgb",
            "components": [
              0.364705890417099,
              0.7058823704719543,
              0.12156862765550613
            ],
            "alpha": 1,
            "hex": "#5DB41F"
          },
          "$extensions": {
            "com.figma.variableId": "VariableID:17536:59774",
            "com.figma.hiddenFromPublishing": true,
            "com.figma.scopes": [
              "ALL_SCOPES"
            ],
            "com.figma.isOverride": true
          }
        }
      },
      "chartreuse": {
        "400": {
          "$type": "color",
          "$value": {
            "colorSpace": "srgb",
            "components": [
              0.7137255072593689,
              0.8588235378265381,
              0
            ],
            "alpha": 1,
            "hex": "#B6DB00"
          },
          "$extensions": {
            "com.figma.variableId": "VariableID:17536:59764",
            "com.figma.hiddenFromPublishing": true,
            "com.figma.scopes": [
              "ALL_SCOPES"
            ],
            "com.figma.isOverride": true
          }
        },
        "500": {
          "$type": "color",
          "$value": {
            "colorSpace": "srgb",
            "components": [
              0.6392157077789307,
              0.7686274647712708,
              0
            ],
            "alpha": 1,
            "hex": "#A3C400"
          },
          "$extensions": {
            "com.figma.variableId": "VariableID:17536:59795",
            "com.figma.hiddenFromPublishing": true,
            "com.figma.scopes": [
              "ALL_SCOPES"
            ],
            "com.figma.isOverride": true
          }
        }
      }
    },
    "transparent": {
      "black": {
        "12": {
          "$type": "color",
          "$value": {
            "colorSpace": "srgb",
            "components": [
              0,
              0,
              0
            ],
            "alpha": 0.11999999731779099,
            "hex": "#000000"
          },
          "$extensions": {
            "com.figma.variableId": "VariableID:17536:59794",
            "com.figma.hiddenFromPublishing": true,
            "com.figma.scopes": [
              "ALL_SCOPES"
            ],
            "com.figma.isOverride": true
          }
        },
        "16": {
          "$type": "color",
          "$value": {
            "colorSpace": "srgb",
            "components": [
              0,
              0,
              0
            ],
            "alpha": 0.1599999964237213,
            "hex": "#000000"
          },
          "$extensions": {
            "com.figma.variableId": "VariableID:17536:59790",
            "com.figma.hiddenFromPublishing": true,
            "com.figma.scopes": [
              "ALL_SCOPES"
            ],
            "com.figma.isOverride": true
          }
        },
        "24": {
          "$type": "color",
          "$value": {
            "colorSpace": "srgb",
            "components": [
              0,
              0,
              0
            ],
            "alpha": 0.23999999463558197,
            "hex": "#000000"
          },
          "$extensions": {
            "com.figma.variableId": "VariableID:17536:59779",
            "com.figma.hiddenFromPublishing": true,
            "com.figma.scopes": [
              "ALL_SCOPES"
            ],
            "com.figma.isOverride": true
          }
        },
        "32": {
          "$type": "color",
          "$value": {
            "colorSpace": "srgb",
            "components": [
              0,
              0,
              0
            ],
            "alpha": 0.3199999928474426,
            "hex": "#000000"
          },
          "$extensions": {
            "com.figma.variableId": "VariableID:17536:59828",
            "com.figma.hiddenFromPublishing": true,
            "com.figma.scopes": [
              "ALL_SCOPES"
            ],
            "com.figma.isOverride": true
          }
        },
        "48": {
          "$type": "color",
          "$value": {
            "colorSpace": "srgb",
            "components": [
              0,
              0,
              0
            ],
            "alpha": 0.47999998927116394,
            "hex": "#000000"
          },
          "$extensions": {
            "com.figma.variableId": "VariableID:17536:59785",
            "com.figma.hiddenFromPublishing": true,
            "com.figma.scopes": [
              "ALL_SCOPES"
            ],
            "com.figma.isOverride": true
          }
        },
        "64": {
          "$type": "color",
          "$value": {
            "colorSpace": "srgb",
            "components": [
              0,
              0,
              0
            ],
            "alpha": 0.6399999856948853,
            "hex": "#000000"
          },
          "$extensions": {
            "com.figma.variableId": "VariableID:17536:59734",
            "com.figma.hiddenFromPublishing": true,
            "com.figma.scopes": [
              "ALL_SCOPES"
            ],
            "com.figma.isOverride": true
          }
        },
        "72": {
          "$type": "color",
          "$value": {
            "colorSpace": "srgb",
            "components": [
              0,
              0,
              0
            ],
            "alpha": 0.7200000286102295,
            "hex": "#000000"
          },
          "$extensions": {
            "com.figma.variableId": "VariableID:17536:59748",
            "com.figma.hiddenFromPublishing": true,
            "com.figma.scopes": [
              "ALL_SCOPES"
            ],
            "com.figma.isOverride": true
          }
        },
        "84": {
          "$type": "color",
          "$value": {
            "colorSpace": "srgb",
            "components": [
              0,
              0,
              0
            ],
            "alpha": 0.8399999737739563,
            "hex": "#000000"
          },
          "$extensions": {
            "com.figma.variableId": "VariableID:17536:59832",
            "com.figma.hiddenFromPublishing": true,
            "com.figma.scopes": [
              "ALL_SCOPES"
            ],
            "com.figma.isOverride": true
          }
        },
        "00": {
          "$type": "color",
          "$value": {
            "colorSpace": "srgb",
            "components": [
              0,
              0,
              0
            ],
            "alpha": 0,
            "hex": "#000000"
          },
          "$extensions": {
            "com.figma.variableId": "VariableID:17536:59731",
            "com.figma.hiddenFromPublishing": true,
            "com.figma.scopes": [
              "ALL_SCOPES"
            ],
            "com.figma.isOverride": true
          }
        },
        "04": {
          "$type": "color",
          "$value": {
            "colorSpace": "srgb",
            "components": [
              0,
              0,
              0
            ],
            "alpha": 0.03999999910593033,
            "hex": "#000000"
          },
          "$extensions": {
            "com.figma.variableId": "VariableID:17536:59792",
            "com.figma.hiddenFromPublishing": true,
            "com.figma.scopes": [
              "ALL_SCOPES"
            ],
            "com.figma.isOverride": true
          }
        },
        "08": {
          "$type": "color",
          "$value": {
            "colorSpace": "srgb",
            "components": [
              0,
              0,
              0
            ],
            "alpha": 0.07999999821186066,
            "hex": "#000000"
          },
          "$extensions": {
            "com.figma.variableId": "VariableID:17536:59798",
            "com.figma.hiddenFromPublishing": true,
            "com.figma.scopes": [
              "ALL_SCOPES"
            ],
            "com.figma.isOverride": true
          }
        }
      },
      "white": {
        "12": {
          "$type": "color",
          "$value": {
            "colorSpace": "srgb",
            "components": [
              1,
              1,
              1
            ],
            "alpha": 0.11999999731779099,
            "hex": "#FFFFFF"
          },
          "$extensions": {
            "com.figma.variableId": "VariableID:17536:59784",
            "com.figma.hiddenFromPublishing": true,
            "com.figma.scopes": [
              "ALL_SCOPES"
            ],
            "com.figma.isOverride": true
          }
        },
        "16": {
          "$type": "color",
          "$value": {
            "colorSpace": "srgb",
            "components": [
              1,
              1,
              1
            ],
            "alpha": 0.1599999964237213,
            "hex": "#FFFFFF"
          },
          "$extensions": {
            "com.figma.variableId": "VariableID:17536:59788",
            "com.figma.hiddenFromPublishing": true,
            "com.figma.scopes": [
              "ALL_SCOPES"
            ],
            "com.figma.isOverride": true
          }
        },
        "24": {
          "$type": "color",
          "$value": {
            "colorSpace": "srgb",
            "components": [
              1,
              1,
              1
            ],
            "alpha": 0.23999999463558197,
            "hex": "#FFFFFF"
          },
          "$extensions": {
            "com.figma.variableId": "VariableID:17536:59802",
            "com.figma.hiddenFromPublishing": true,
            "com.figma.scopes": [
              "ALL_SCOPES"
            ],
            "com.figma.isOverride": true
          }
        },
        "32": {
          "$type": "color",
          "$value": {
            "colorSpace": "srgb",
            "components": [
              1,
              1,
              1
            ],
            "alpha": 0.3199999928474426,
            "hex": "#FFFFFF"
          },
          "$extensions": {
            "com.figma.variableId": "VariableID:17536:59840",
            "com.figma.hiddenFromPublishing": true,
            "com.figma.scopes": [
              "ALL_SCOPES"
            ],
            "com.figma.isOverride": true
          }
        },
        "48": {
          "$type": "color",
          "$value": {
            "colorSpace": "srgb",
            "components": [
              1,
              1,
              1
            ],
            "alpha": 0.47999998927116394,
            "hex": "#FFFFFF"
          },
          "$extensions": {
            "com.figma.variableId": "VariableID:17536:59814",
            "com.figma.hiddenFromPublishing": true,
            "com.figma.scopes": [
              "ALL_SCOPES"
            ],
            "com.figma.isOverride": true
          }
        },
        "64": {
          "$type": "color",
          "$value": {
            "colorSpace": "srgb",
            "components": [
              1,
              1,
              1
            ],
            "alpha": 0.6399999856948853,
            "hex": "#FFFFFF"
          },
          "$extensions": {
            "com.figma.variableId": "VariableID:17536:59836",
            "com.figma.hiddenFromPublishing": true,
            "com.figma.scopes": [
              "ALL_SCOPES"
            ],
            "com.figma.isOverride": true
          }
        },
        "72": {
          "$type": "color",
          "$value": {
            "colorSpace": "srgb",
            "components": [
              1,
              1,
              1
            ],
            "alpha": 0.7200000286102295,
            "hex": "#FFFFFF"
          },
          "$extensions": {
            "com.figma.variableId": "VariableID:17536:59783",
            "com.figma.hiddenFromPublishing": true,
            "com.figma.scopes": [
              "ALL_SCOPES"
            ],
            "com.figma.isOverride": true
          }
        },
        "84": {
          "$type": "color",
          "$value": {
            "colorSpace": "srgb",
            "components": [
              1,
              1,
              1
            ],
            "alpha": 0.8399999737739563,
            "hex": "#FFFFFF"
          },
          "$extensions": {
            "com.figma.variableId": "VariableID:17536:59741",
            "com.figma.hiddenFromPublishing": true,
            "com.figma.scopes": [
              "ALL_SCOPES"
            ],
            "com.figma.isOverride": true
          }
        },
        "00": {
          "$type": "color",
          "$value": {
            "colorSpace": "srgb",
            "components": [
              1,
              1,
              1
            ],
            "alpha": 0,
            "hex": "#FFFFFF"
          },
          "$extensions": {
            "com.figma.variableId": "VariableID:17536:59837",
            "com.figma.hiddenFromPublishing": true,
            "com.figma.scopes": [
              "ALL_SCOPES"
            ],
            "com.figma.isOverride": true
          }
        },
        "04": {
          "$type": "color",
          "$value": {
            "colorSpace": "srgb",
            "components": [
              1,
              1,
              1
            ],
            "alpha": 0.03999999910593033,
            "hex": "#FFFFFF"
          },
          "$extensions": {
            "com.figma.variableId": "VariableID:17536:59834",
            "com.figma.hiddenFromPublishing": true,
            "com.figma.scopes": [
              "ALL_SCOPES"
            ],
            "com.figma.isOverride": true
          }
        },
        "08": {
          "$type": "color",
          "$value": {
            "colorSpace": "srgb",
            "components": [
              1,
              1,
              1
            ],
            "alpha": 0.07999999821186066,
            "hex": "#FFFFFF"
          },
          "$extensions": {
            "com.figma.variableId": "VariableID:17536:59821",
            "com.figma.hiddenFromPublishing": true,
            "com.figma.scopes": [
              "ALL_SCOPES"
            ],
            "com.figma.isOverride": true
          }
        }
      }
    },
    "brand": {
      "adobe-red": {
        "$type": "color",
        "$value": {
          "colorSpace": "srgb",
          "components": [
            0.9215686321258545,
            0.062745101749897,
            0
          ],
          "alpha": 1,
          "hex": "#EB1000"
        },
        "$extensions": {
          "com.figma.variableId": "VariableID:18114:55314",
          "com.figma.scopes": [
            "ALL_SCOPES"
          ],
          "com.figma.isOverride": true
        }
      }
    }
  },
  "$extensions": {
    "com.figma.modeName": "Light"
  }
}