{
  "button": {
    "color": {
      "background": {
        "default": {
          "primary": {
            "solid-default": {
              "$type": "color",
              "$value": {
                "colorSpace": "srgb",
                "components": [
                  0.16078431904315948,
                  0.16078431904315948,
                  0.16078431904315948
                ],
                "alpha": 1,
                "hex": "#292929"
              },
              "$description": "Placeholder token: awaiting design definition for final value",
              "$extensions": {
                "com.figma.variableId": "VariableID:17563:57135",
                "com.figma.hiddenFromPublishing": true,
                "com.figma.scopes": [
                  "ALL_SCOPES"
                ],
                "com.figma.aliasData": {
                  "targetVariableId": "VariableID:92a6e6a05a86063f05a339332576a8fd91478aa5/82:1081",
                  "targetVariableName": "color/gray/800",
                  "targetVariableSetId": "VariableCollectionId:6e7ac02d57674b3b03de2e5ceafbc65ec7c30619/82:944",
                  "targetVariableSetName": "Primitives (Color)"
                },
                "com.figma.isOverride": true
              }
            },
            "solid-hover": {
              "$type": "color",
              "$value": {
                "colorSpace": "srgb",
                "components": [
                  0.07450980693101883,
                  0.07450980693101883,
                  0.07450980693101883
                ],
                "alpha": 1,
                "hex": "#131313"
              },
              "$description": "Placeholder token: awaiting design definition for final value",
              "$extensions": {
                "com.figma.variableId": "VariableID:17563:57162",
                "com.figma.hiddenFromPublishing": true,
                "com.figma.scopes": [
                  "ALL_SCOPES"
                ],
                "com.figma.aliasData": {
                  "targetVariableId": "VariableID:67e7b9b08aacc7a68f15b49e86108e238f2d83bf/82:1082",
                  "targetVariableName": "color/gray/900",
                  "targetVariableSetId": "VariableCollectionId:6e7ac02d57674b3b03de2e5ceafbc65ec7c30619/82:944",
                  "targetVariableSetName": "Primitives (Color)"
                },
                "com.figma.isOverride": true
              }
            },
            "solid-active": {
              "$type": "color",
              "$value": {
                "colorSpace": "srgb",
                "components": [
                  0.07450980693101883,
                  0.07450980693101883,
                  0.07450980693101883
                ],
                "alpha": 1,
                "hex": "#131313"
              },
              "$description": "Placeholder token: awaiting design definition for final value",
              "$extensions": {
                "com.figma.variableId": "VariableID:17563:57170",
                "com.figma.hiddenFromPublishing": true,
                "com.figma.scopes": [
                  "ALL_SCOPES"
                ],
                "com.figma.aliasData": {
                  "targetVariableId": "VariableID:67e7b9b08aacc7a68f15b49e86108e238f2d83bf/82:1082",
                  "targetVariableName": "color/gray/900",
                  "targetVariableSetId": "VariableCollectionId:6e7ac02d57674b3b03de2e5ceafbc65ec7c30619/82:944",
                  "targetVariableSetName": "Primitives (Color)"
                },
                "com.figma.isOverride": true
              }
            },
            "outlined-default": {
              "$type": "color",
              "$value": {
                "colorSpace": "srgb",
                "components": [
                  0,
                  0,
                  0
                ],
                "alpha": 0,
                "hex": "#000000"
              },
              "$description": "Placeholder token: awaiting design definition for final value",
              "$extensions": {
                "com.figma.variableId": "VariableID:17563:57151",
                "com.figma.hiddenFromPublishing": true,
                "com.figma.scopes": [
                  "ALL_SCOPES"
                ],
                "com.figma.aliasData": {
                  "targetVariableId": "VariableID:6cc53ea0bef02a4e8fbd3c3ba8b526b82c28a214/93:56",
                  "targetVariableName": "color/transparent/black/00",
                  "targetVariableSetId": "VariableCollectionId:6e7ac02d57674b3b03de2e5ceafbc65ec7c30619/82:944",
                  "targetVariableSetName": "Primitives (Color)"
                },
                "com.figma.isOverride": true
              }
            },
            "outlined-hover": {
              "$type": "color",
              "$value": {
                "colorSpace": "srgb",
                "components": [
                  0,
                  0,
                  0
                ],
                "alpha": 0.07999999821186066,
                "hex": "#000000"
              },
              "$description": "Placeholder token: awaiting design definition for final value",
              "$extensions": {
                "com.figma.variableId": "VariableID:17563:57142",
                "com.figma.hiddenFromPublishing": true,
                "com.figma.scopes": [
                  "ALL_SCOPES"
                ],
                "com.figma.aliasData": {
                  "targetVariableId": "VariableID:c5e3f487b9ce40b9cb93c2bd3c3e05d8dda2d6df/82:1042",
                  "targetVariableName": "color/transparent/black/08",
                  "targetVariableSetId": "VariableCollectionId:6e7ac02d57674b3b03de2e5ceafbc65ec7c30619/82:944",
                  "targetVariableSetName": "Primitives (Color)"
                },
                "com.figma.isOverride": true
              }
            },
            "outlined-active": {
              "$type": "color",
              "$value": {
                "colorSpace": "srgb",
                "components": [
                  0,
                  0,
                  0
                ],
                "alpha": 0.07999999821186066,
                "hex": "#000000"
              },
              "$description": "Placeholder token: awaiting design definition for final value",
              "$extensions": {
                "com.figma.variableId": "VariableID:17563:57131",
                "com.figma.hiddenFromPublishing": true,
                "com.figma.scopes": [
                  "ALL_SCOPES"
                ],
                "com.figma.aliasData": {
                  "targetVariableId": "VariableID:c5e3f487b9ce40b9cb93c2bd3c3e05d8dda2d6df/82:1042",
                  "targetVariableName": "color/transparent/black/08",
                  "targetVariableSetId": "VariableCollectionId:6e7ac02d57674b3b03de2e5ceafbc65ec7c30619/82:944",
                  "targetVariableSetName": "Primitives (Color)"
                },
                "com.figma.isOverride": true
              }
            }
          },
          "secondary": {
            "solid-default": {
              "$type": "color",
              "$value": {
                "colorSpace": "srgb",
                "components": [
                  0,
                  0,
                  0
                ],
                "alpha": 0.07999999821186066,
                "hex": "#000000"
              },
              "$description": "Placeholder token: awaiting design definition for final value",
              "$extensions": {
                "com.figma.variableId": "VariableID:17563:57126",
                "com.figma.hiddenFromPublishing": true,
                "com.figma.scopes": [
                  "ALL_SCOPES"
                ],
                "com.figma.aliasData": {
                  "targetVariableId": "VariableID:c5e3f487b9ce40b9cb93c2bd3c3e05d8dda2d6df/82:1042",
                  "targetVariableName": "color/transparent/black/08",
                  "targetVariableSetId": "VariableCollectionId:6e7ac02d57674b3b03de2e5ceafbc65ec7c30619/82:944",
                  "targetVariableSetName": "Primitives (Color)"
                },
                "com.figma.isOverride": true
              }
            },
            "solid-hover": {
              "$type": "color",
              "$value": {
                "colorSpace": "srgb",
                "components": [
                  0,
                  0,
                  0
                ],
                "alpha": 0.11999999731779099,
                "hex": "#000000"
              },
              "$description": "Placeholder token: awaiting design definition for final value",
              "$extensions": {
                "com.figma.variableId": "VariableID:17563:57156",
                "com.figma.hiddenFromPublishing": true,
                "com.figma.scopes": [
                  "ALL_SCOPES"
                ],
                "com.figma.aliasData": {
                  "targetVariableId": "VariableID:16bfe587b352c447a8edb507b928724d0e4d2a90/82:1014",
                  "targetVariableName": "color/transparent/black/12",
                  "targetVariableSetId": "VariableCollectionId:6e7ac02d57674b3b03de2e5ceafbc65ec7c30619/82:944",
                  "targetVariableSetName": "Primitives (Color)"
                },
                "com.figma.isOverride": true
              }
            },
            "solid-active": {
              "$type": "color",
              "$value": {
                "colorSpace": "srgb",
                "components": [
                  0,
                  0,
                  0
                ],
                "alpha": 0.11999999731779099,
                "hex": "#000000"
              },
              "$description": "Placeholder token: awaiting design definition for final value",
              "$extensions": {
                "com.figma.variableId": "VariableID:17563:57177",
                "com.figma.hiddenFromPublishing": true,
                "com.figma.scopes": [
                  "ALL_SCOPES"
                ],
                "com.figma.aliasData": {
                  "targetVariableId": "VariableID:16bfe587b352c447a8edb507b928724d0e4d2a90/82:1014",
                  "targetVariableName": "color/transparent/black/12",
                  "targetVariableSetId": "VariableCollectionId:6e7ac02d57674b3b03de2e5ceafbc65ec7c30619/82:944",
                  "targetVariableSetName": "Primitives (Color)"
                },
                "com.figma.isOverride": true
              }
            },
            "outlined-default": {
              "$type": "color",
              "$value": {
                "colorSpace": "srgb",
                "components": [
                  0,
                  0,
                  0
                ],
                "alpha": 0,
                "hex": "#000000"
              },
              "$description": "Placeholder token: awaiting design definition for final value",
              "$extensions": {
                "com.figma.variableId": "VariableID:17563:57179",
                "com.figma.hiddenFromPublishing": true,
                "com.figma.scopes": [
                  "ALL_SCOPES"
                ],
                "com.figma.aliasData": {
                  "targetVariableId": "VariableID:6cc53ea0bef02a4e8fbd3c3ba8b526b82c28a214/93:56",
                  "targetVariableName": "color/transparent/black/00",
                  "targetVariableSetId": "VariableCollectionId:6e7ac02d57674b3b03de2e5ceafbc65ec7c30619/82:944",
                  "targetVariableSetName": "Primitives (Color)"
                },
                "com.figma.isOverride": true
              }
            },
            "outlined-hover": {
              "$type": "color",
              "$value": {
                "colorSpace": "srgb",
                "components": [
                  0,
                  0,
                  0
                ],
                "alpha": 0.07999999821186066,
                "hex": "#000000"
              },
              "$description": "Placeholder token: awaiting design definition for final value",
              "$extensions": {
                "com.figma.variableId": "VariableID:17563:57175",
                "com.figma.hiddenFromPublishing": true,
                "com.figma.scopes": [
                  "ALL_SCOPES"
                ],
                "com.figma.aliasData": {
                  "targetVariableId": "VariableID:c5e3f487b9ce40b9cb93c2bd3c3e05d8dda2d6df/82:1042",
                  "targetVariableName": "color/transparent/black/08",
                  "targetVariableSetId": "VariableCollectionId:6e7ac02d57674b3b03de2e5ceafbc65ec7c30619/82:944",
                  "targetVariableSetName": "Primitives (Color)"
                },
                "com.figma.isOverride": true
              }
            },
            "outlined-active": {
              "$type": "color",
              "$value": {
                "colorSpace": "srgb",
                "components": [
                  0,
                  0,
                  0
                ],
                "alpha": 0.07999999821186066,
                "hex": "#000000"
              },
              "$description": "Placeholder token: awaiting design definition for final value",
              "$extensions": {
                "com.figma.variableId": "VariableID:17563:57132",
                "com.figma.hiddenFromPublishing": true,
                "com.figma.scopes": [
                  "ALL_SCOPES"
                ],
                "com.figma.aliasData": {
                  "targetVariableId": "VariableID:c5e3f487b9ce40b9cb93c2bd3c3e05d8dda2d6df/82:1042",
                  "targetVariableName": "color/transparent/black/08",
                  "targetVariableSetId": "VariableCollectionId:6e7ac02d57674b3b03de2e5ceafbc65ec7c30619/82:944",
                  "targetVariableSetName": "Primitives (Color)"
                },
                "com.figma.isOverride": true
              }
            }
          },
          "negative": {
            "solid-default": {
              "$type": "color",
              "$value": {
                "colorSpace": "srgb",
                "components": [
                  0.843137264251709,
                  0.19607843458652496,
                  0.125490203499794
                ],
                "alpha": 1,
                "hex": "#D73220"
              },
              "$description": "Placeholder token: awaiting design definition for final value",
              "$extensions": {
                "com.figma.variableId": "VariableID:17563:57174",
                "com.figma.hiddenFromPublishing": true,
                "com.figma.scopes": [
                  "ALL_SCOPES"
                ],
                "com.figma.aliasData": {
                  "targetVariableId": "VariableID:ba51b0b1128855c4575ef4df04fbb0d867b5325b/82:1101",
                  "targetVariableName": "color/red/900",
                  "targetVariableSetId": "VariableCollectionId:6e7ac02d57674b3b03de2e5ceafbc65ec7c30619/82:944",
                  "targetVariableSetName": "Primitives (Color)"
                },
                "com.figma.isOverride": true
              }
            },
            "solid-hover": {
              "$type": "color",
              "$value": {
                "colorSpace": "srgb",
                "components": [
                  0.7176470756530762,
                  0.1568627506494522,
                  0.0941176488995552
                ],
                "alpha": 1,
                "hex": "#B72818"
              },
              "$description": "Placeholder token: awaiting design definition for final value",
              "$extensions": {
                "com.figma.variableId": "VariableID:17563:57157",
                "com.figma.hiddenFromPublishing": true,
                "com.figma.scopes": [
                  "ALL_SCOPES"
                ],
                "com.figma.aliasData": {
                  "targetVariableId": "VariableID:0d931cc5ad804f52502804641075809d506c474b/82:1102",
                  "targetVariableName": "color/red/1000",
                  "targetVariableSetId": "VariableCollectionId:6e7ac02d57674b3b03de2e5ceafbc65ec7c30619/82:944",
                  "targetVariableSetName": "Primitives (Color)"
                },
                "com.figma.isOverride": true
              }
            },
            "solid-active": {
              "$type": "color",
              "$value": {
                "colorSpace": "srgb",
                "components": [
                  0.7176470756530762,
                  0.1568627506494522,
                  0.0941176488995552
                ],
                "alpha": 1,
                "hex": "#B72818"
              },
              "$description": "Placeholder token: awaiting design definition for final value",
              "$extensions": {
                "com.figma.variableId": "VariableID:17563:57171",
                "com.figma.hiddenFromPublishing": true,
                "com.figma.scopes": [
                  "ALL_SCOPES"
                ],
                "com.figma.aliasData": {
                  "targetVariableId": "VariableID:0d931cc5ad804f52502804641075809d506c474b/82:1102",
                  "targetVariableName": "color/red/1000",
                  "targetVariableSetId": "VariableCollectionId:6e7ac02d57674b3b03de2e5ceafbc65ec7c30619/82:944",
                  "targetVariableSetName": "Primitives (Color)"
                },
                "com.figma.isOverride": true
              }
            }
          },
          "accent": {
            "solid-default": {
              "$type": "color",
              "$value": {
                "colorSpace": "srgb",
                "components": [
                  0.23137255012989044,
                  0.38823530077934265,
                  0.9843137264251709
                ],
                "alpha": 1,
                "hex": "#3B63FB"
              },
              "$description": "Placeholder token: awaiting design definition for final value",
              "$extensions": {
                "com.figma.variableId": "VariableID:17563:57176",
                "com.figma.hiddenFromPublishing": true,
                "com.figma.scopes": [
                  "ALL_SCOPES"
                ],
                "com.figma.aliasData": {
                  "targetVariableId": "VariableID:832f62e22a9e6728c71c205dfcb54bf963f0bbdb/-1:-1",
                  "targetVariableName": "color/blue/900",
                  "targetVariableSetId": "VariableCollectionId:fdf1816f97e476e039b3ef2de68e13a2db903d1e/-1:-1",
                  "targetVariableSetName": "Primitives / Color"
                },
                "com.figma.isOverride": true
              }
            },
            "solid-hover": {
              "$type": "color",
              "$value": {
                "colorSpace": "srgb",
                "components": [
                  0.15294118225574493,
                  0.3019607961177826,
                  0.9176470637321472
                ],
                "alpha": 1,
                "hex": "#274DEA"
              },
              "$description": "Placeholder token: awaiting design definition for final value",
              "$extensions": {
                "com.figma.variableId": "VariableID:17563:57130",
                "com.figma.hiddenFromPublishing": true,
                "com.figma.scopes": [
                  "ALL_SCOPES"
                ],
                "com.figma.aliasData": {
                  "targetVariableId": "VariableID:9eb5f25080bf757c88a37203ff1814adc9f44244/-1:-1",
                  "targetVariableName": "color/blue/1000",
                  "targetVariableSetId": "VariableCollectionId:fdf1816f97e476e039b3ef2de68e13a2db903d1e/-1:-1",
                  "targetVariableSetName": "Primitives / Color"
                },
                "com.figma.isOverride": true
              }
            },
            "solid-active": {
              "$type": "color",
              "$value": {
                "colorSpace": "srgb",
                "components": [
                  0.15294118225574493,
                  0.3019607961177826,
                  0.9176470637321472
                ],
                "alpha": 1,
                "hex": "#274DEA"
              },
              "$description": "Placeholder token: awaiting design definition for final value",
              "$extensions": {
                "com.figma.variableId": "VariableID:17563:57167",
                "com.figma.hiddenFromPublishing": true,
                "com.figma.scopes": [
                  "ALL_SCOPES"
                ],
                "com.figma.aliasData": {
                  "targetVariableId": "VariableID:9eb5f25080bf757c88a37203ff1814adc9f44244/-1:-1",
                  "targetVariableName": "color/blue/1000",
                  "targetVariableSetId": "VariableCollectionId:fdf1816f97e476e039b3ef2de68e13a2db903d1e/-1:-1",
                  "targetVariableSetName": "Primitives / Color"
                },
                "com.figma.isOverride": true
              }
            }
          }
        },
        "onMedia": {
          "primary": {
            "solid-default": {
              "$type": "color",
              "$value": {
                "colorSpace": "srgb",
                "components": [
                  1,
                  1,
                  1
                ],
                "alpha": 1,
                "hex": "#FFFFFF"
              },
              "$extensions": {
                "com.figma.variableId": "VariableID:18797:30121",
                "com.figma.scopes": [
                  "ALL_SCOPES"
                ],
                "com.figma.aliasData": {
                  "targetVariableId": "VariableID:4f8df863fc70b792c94920cdc80ec40acc2f1708/-1:-1",
                  "targetVariableName": "color/gray/25",
                  "targetVariableSetId": "VariableCollectionId:fdf1816f97e476e039b3ef2de68e13a2db903d1e/-1:-1",
                  "targetVariableSetName": "Primitives / Color"
                },
                "com.figma.isOverride": true
              }
            }
          },
          "secondary": {
            "glass-default": {
              "$type": "color",
              "$value": {
                "colorSpace": "srgb",
                "components": [
                  1,
                  1,
                  1
                ],
                "alpha": 0.11999999731779099,
                "hex": "#FFFFFF"
              },
              "$extensions": {
                "com.figma.variableId": "VariableID:18799:30153",
                "com.figma.scopes": [
                  "ALL_SCOPES"
                ],
                "com.figma.aliasData": {
                  "targetVariableId": "VariableID:44e53709d8f343ffcc1274c4af6c0bc5d6d2603a/-1:-1",
                  "targetVariableName": "color/transparent/white/12",
                  "targetVariableSetId": "VariableCollectionId:fdf1816f97e476e039b3ef2de68e13a2db903d1e/-1:-1",
                  "targetVariableSetName": "Primitives / Color"
                },
                "com.figma.isOverride": true
              }
            }
          }
        }
      },
      "border": {
        "default": {
          "primary": {
            "solid-default": {
              "$type": "color",
              "$value": {
                "colorSpace": "srgb",
                "components": [
                  0.16078431904315948,
                  0.16078431904315948,
                  0.16078431904315948
                ],
                "alpha": 1,
                "hex": "#292929"
              },
              "$description": "Placeholder token: button components need to be reworked from original s2a designs.",
              "$extensions": {
                "com.figma.variableId": "VariableID:17563:57168",
                "com.figma.hiddenFromPublishing": true,
                "com.figma.scopes": [
                  "ALL_SCOPES"
                ],
                "com.figma.aliasData": {
                  "targetVariableId": "VariableID:92a6e6a05a86063f05a339332576a8fd91478aa5/82:1081",
                  "targetVariableName": "color/gray/800",
                  "targetVariableSetId": "VariableCollectionId:6e7ac02d57674b3b03de2e5ceafbc65ec7c30619/82:944",
                  "targetVariableSetName": "Primitives (Color)"
                },
                "com.figma.isOverride": true
              }
            },
            "solid-hover": {
              "$type": "color",
              "$value": {
                "colorSpace": "srgb",
                "components": [
                  0.07450980693101883,
                  0.07450980693101883,
                  0.07450980693101883
                ],
                "alpha": 1,
                "hex": "#131313"
              },
              "$description": "Placeholder token: awaiting design definition for final value",
              "$extensions": {
                "com.figma.variableId": "VariableID:17563:57164",
                "com.figma.hiddenFromPublishing": true,
                "com.figma.scopes": [
                  "ALL_SCOPES"
                ],
                "com.figma.aliasData": {
                  "targetVariableId": "VariableID:67e7b9b08aacc7a68f15b49e86108e238f2d83bf/82:1082",
                  "targetVariableName": "color/gray/900",
                  "targetVariableSetId": "VariableCollectionId:6e7ac02d57674b3b03de2e5ceafbc65ec7c30619/82:944",
                  "targetVariableSetName": "Primitives (Color)"
                },
                "com.figma.isOverride": true
              }
            },
            "solid-active": {
              "$type": "color",
              "$value": {
                "colorSpace": "srgb",
                "components": [
                  0.07450980693101883,
                  0.07450980693101883,
                  0.07450980693101883
                ],
                "alpha": 1,
                "hex": "#131313"
              },
              "$description": "Placeholder token: awaiting design definition for final value",
              "$extensions": {
                "com.figma.variableId": "VariableID:17563:57143",
                "com.figma.hiddenFromPublishing": true,
                "com.figma.scopes": [
                  "ALL_SCOPES"
                ],
                "com.figma.aliasData": {
                  "targetVariableId": "VariableID:67e7b9b08aacc7a68f15b49e86108e238f2d83bf/82:1082",
                  "targetVariableName": "color/gray/900",
                  "targetVariableSetId": "VariableCollectionId:6e7ac02d57674b3b03de2e5ceafbc65ec7c30619/82:944",
                  "targetVariableSetName": "Primitives (Color)"
                },
                "com.figma.isOverride": true
              }
            },
            "outlined-default": {
              "$type": "color",
              "$value": {
                "colorSpace": "srgb",
                "components": [
                  0.16078431904315948,
                  0.16078431904315948,
                  0.16078431904315948
                ],
                "alpha": 1,
                "hex": "#292929"
              },
              "$description": "Placeholder token: awaiting design definition for final value",
              "$extensions": {
                "com.figma.variableId": "VariableID:17563:57158",
                "com.figma.hiddenFromPublishing": true,
                "com.figma.scopes": [
                  "ALL_SCOPES"
                ],
                "com.figma.aliasData": {
                  "targetVariableId": "VariableID:1a0d6ad18b49bf7e1f4d47fdcbd0440e1044a25f/-1:-1",
                  "targetVariableName": "color/gray/800",
                  "targetVariableSetId": "VariableCollectionId:fdf1816f97e476e039b3ef2de68e13a2db903d1e/-1:-1",
                  "targetVariableSetName": "Primitives / Color"
                },
                "com.figma.isOverride": true
              }
            },
            "outlined-hover": {
              "$type": "color",
              "$value": {
                "colorSpace": "srgb",
                "components": [
                  0,
                  0,
                  0
                ],
                "alpha": 1,
                "hex": "#000000"
              },
              "$description": "Placeholder token: awaiting design definition for final value",
              "$extensions": {
                "com.figma.variableId": "VariableID:17563:57163",
                "com.figma.hiddenFromPublishing": true,
                "com.figma.scopes": [
                  "ALL_SCOPES"
                ],
                "com.figma.aliasData": {
                  "targetVariableId": "VariableID:ada838e433f2af1eb3d4bef06f6f03db83d48875/-1:-1",
                  "targetVariableName": "color/gray/1000",
                  "targetVariableSetId": "VariableCollectionId:fdf1816f97e476e039b3ef2de68e13a2db903d1e/-1:-1",
                  "targetVariableSetName": "Primitives / Color"
                },
                "com.figma.isOverride": true
              }
            },
            "outlined-active": {
              "$type": "color",
              "$value": {
                "colorSpace": "srgb",
                "components": [
                  0,
                  0,
                  0
                ],
                "alpha": 0.07999999821186066,
                "hex": "#000000"
              },
              "$description": "Placeholder token: awaiting design definition for final value",
              "$extensions": {
                "com.figma.variableId": "VariableID:17563:57173",
                "com.figma.hiddenFromPublishing": true,
                "com.figma.scopes": [
                  "ALL_SCOPES"
                ],
                "com.figma.aliasData": {
                  "targetVariableId": "VariableID:c5e3f487b9ce40b9cb93c2bd3c3e05d8dda2d6df/82:1042",
                  "targetVariableName": "color/transparent/black/08",
                  "targetVariableSetId": "VariableCollectionId:6e7ac02d57674b3b03de2e5ceafbc65ec7c30619/82:944",
                  "targetVariableSetName": "Primitives (Color)"
                },
                "com.figma.isOverride": true
              }
            }
          },
          "secondary": {
            "solid-default": {
              "$type": "color",
              "$value": {
                "colorSpace": "srgb",
                "components": [
                  0,
                  0,
                  0
                ],
                "alpha": 0.07999999821186066,
                "hex": "#000000"
              },
              "$description": "Placeholder token: awaiting design definition for final value",
              "$extensions": {
                "com.figma.variableId": "VariableID:17563:57161",
                "com.figma.hiddenFromPublishing": true,
                "com.figma.scopes": [
                  "ALL_SCOPES"
                ],
                "com.figma.aliasData": {
                  "targetVariableId": "VariableID:c5e3f487b9ce40b9cb93c2bd3c3e05d8dda2d6df/82:1042",
                  "targetVariableName": "color/transparent/black/08",
                  "targetVariableSetId": "VariableCollectionId:6e7ac02d57674b3b03de2e5ceafbc65ec7c30619/82:944",
                  "targetVariableSetName": "Primitives (Color)"
                },
                "com.figma.isOverride": true
              }
            },
            "solid-hover": {
              "$type": "color",
              "$value": {
                "colorSpace": "srgb",
                "components": [
                  0,
                  0,
                  0
                ],
                "alpha": 0.11999999731779099,
                "hex": "#000000"
              },
              "$description": "Placeholder token: awaiting design definition for final value",
              "$extensions": {
                "com.figma.variableId": "VariableID:17563:57149",
                "com.figma.hiddenFromPublishing": true,
                "com.figma.scopes": [
                  "ALL_SCOPES"
                ],
                "com.figma.aliasData": {
                  "targetVariableId": "VariableID:16bfe587b352c447a8edb507b928724d0e4d2a90/82:1014",
                  "targetVariableName": "color/transparent/black/12",
                  "targetVariableSetId": "VariableCollectionId:6e7ac02d57674b3b03de2e5ceafbc65ec7c30619/82:944",
                  "targetVariableSetName": "Primitives (Color)"
                },
                "com.figma.isOverride": true
              }
            },
            "solid-active": {
              "$type": "color",
              "$value": {
                "colorSpace": "srgb",
                "components": [
                  0,
                  0,
                  0
                ],
                "alpha": 0.11999999731779099,
                "hex": "#000000"
              },
              "$description": "Placeholder token: awaiting design definition for final value",
              "$extensions": {
                "com.figma.variableId": "VariableID:17563:57172",
                "com.figma.hiddenFromPublishing": true,
                "com.figma.scopes": [
                  "ALL_SCOPES"
                ],
                "com.figma.aliasData": {
                  "targetVariableId": "VariableID:16bfe587b352c447a8edb507b928724d0e4d2a90/82:1014",
                  "targetVariableName": "color/transparent/black/12",
                  "targetVariableSetId": "VariableCollectionId:6e7ac02d57674b3b03de2e5ceafbc65ec7c30619/82:944",
                  "targetVariableSetName": "Primitives (Color)"
                },
                "com.figma.isOverride": true
              }
            },
            "outlined-default": {
              "$type": "color",
              "$value": {
                "colorSpace": "srgb",
                "components": [
                  0.8549019694328308,
                  0.8549019694328308,
                  0.8549019694328308
                ],
                "alpha": 1,
                "hex": "#DADADA"
              },
              "$description": "Placeholder token: awaiting design definition for final value",
              "$extensions": {
                "com.figma.variableId": "VariableID:17563:57169",
                "com.figma.hiddenFromPublishing": true,
                "com.figma.scopes": [
                  "ALL_SCOPES"
                ],
                "com.figma.aliasData": {
                  "targetVariableId": "VariableID:1996467a5614e38f6bfbf28348177b532975c7cb/82:969",
                  "targetVariableName": "color/gray/300",
                  "targetVariableSetId": "VariableCollectionId:6e7ac02d57674b3b03de2e5ceafbc65ec7c30619/82:944",
                  "targetVariableSetName": "Primitives (Color)"
                },
                "com.figma.isOverride": true
              }
            },
            "outlined-hover": {
              "$type": "color",
              "$value": {
                "colorSpace": "srgb",
                "components": [
                  0.7764706015586853,
                  0.7764706015586853,
                  0.7764706015586853
                ],
                "alpha": 1,
                "hex": "#C6C6C6"
              },
              "$description": "Placeholder token: awaiting design definition for final value",
              "$extensions": {
                "com.figma.variableId": "VariableID:17563:57166",
                "com.figma.hiddenFromPublishing": true,
                "com.figma.scopes": [
                  "ALL_SCOPES"
                ],
                "com.figma.aliasData": {
                  "targetVariableId": "VariableID:539903a1eb329fb9e1140247c10ef20b540b1ced/82:964",
                  "targetVariableName": "color/gray/400",
                  "targetVariableSetId": "VariableCollectionId:6e7ac02d57674b3b03de2e5ceafbc65ec7c30619/82:944",
                  "targetVariableSetName": "Primitives (Color)"
                },
                "com.figma.isOverride": true
              }
            },
            "outlined-active": {
              "$type": "color",
              "$value": {
                "colorSpace": "srgb",
                "components": [
                  0.7764706015586853,
                  0.7764706015586853,
                  0.7764706015586853
                ],
                "alpha": 1,
                "hex": "#C6C6C6"
              },
              "$description": "Placeholder token: awaiting design definition for final value",
              "$extensions": {
                "com.figma.variableId": "VariableID:17563:57146",
                "com.figma.hiddenFromPublishing": true,
                "com.figma.scopes": [
                  "ALL_SCOPES"
                ],
                "com.figma.aliasData": {
                  "targetVariableId": "VariableID:539903a1eb329fb9e1140247c10ef20b540b1ced/82:964",
                  "targetVariableName": "color/gray/400",
                  "targetVariableSetId": "VariableCollectionId:6e7ac02d57674b3b03de2e5ceafbc65ec7c30619/82:944",
                  "targetVariableSetName": "Primitives (Color)"
                },
                "com.figma.isOverride": true
              }
            }
          },
          "negative": {
            "default": {
              "$type": "color",
              "$value": {
                "colorSpace": "srgb",
                "components": [
                  0.843137264251709,
                  0.19607843458652496,
                  0.125490203499794
                ],
                "alpha": 1,
                "hex": "#D73220"
              },
              "$description": "Placeholder token: awaiting design definition for final value",
              "$extensions": {
                "com.figma.variableId": "VariableID:17563:57150",
                "com.figma.hiddenFromPublishing": true,
                "com.figma.scopes": [
                  "ALL_SCOPES"
                ],
                "com.figma.aliasData": {
                  "targetVariableId": "VariableID:ba51b0b1128855c4575ef4df04fbb0d867b5325b/82:1101",
                  "targetVariableName": "color/red/900",
                  "targetVariableSetId": "VariableCollectionId:6e7ac02d57674b3b03de2e5ceafbc65ec7c30619/82:944",
                  "targetVariableSetName": "Primitives (Color)"
                },
                "com.figma.isOverride": true
              }
            },
            "hover": {
              "$type": "color",
              "$value": {
                "colorSpace": "srgb",
                "components": [
                  0.7176470756530762,
                  0.1568627506494522,
                  0.0941176488995552
                ],
                "alpha": 1,
                "hex": "#B72818"
              },
              "$description": "Placeholder token: awaiting design definition for final value",
              "$extensions": {
                "com.figma.variableId": "VariableID:17563:57153",
                "com.figma.hiddenFromPublishing": true,
                "com.figma.scopes": [
                  "ALL_SCOPES"
                ],
                "com.figma.aliasData": {
                  "targetVariableId": "VariableID:0d931cc5ad804f52502804641075809d506c474b/82:1102",
                  "targetVariableName": "color/red/1000",
                  "targetVariableSetId": "VariableCollectionId:6e7ac02d57674b3b03de2e5ceafbc65ec7c30619/82:944",
                  "targetVariableSetName": "Primitives (Color)"
                },
                "com.figma.isOverride": true
              }
            },
            "active": {
              "$type": "color",
              "$value": {
                "colorSpace": "srgb",
                "components": [
                  0.7176470756530762,
                  0.1568627506494522,
                  0.0941176488995552
                ],
                "alpha": 1,
                "hex": "#B72818"
              },
              "$description": "Placeholder token: awaiting design definition for final value",
              "$extensions": {
                "com.figma.variableId": "VariableID:17563:57160",
                "com.figma.hiddenFromPublishing": true,
                "com.figma.scopes": [
                  "ALL_SCOPES"
                ],
                "com.figma.aliasData": {
                  "targetVariableId": "VariableID:0d931cc5ad804f52502804641075809d506c474b/82:1102",
                  "targetVariableName": "color/red/1000",
                  "targetVariableSetId": "VariableCollectionId:6e7ac02d57674b3b03de2e5ceafbc65ec7c30619/82:944",
                  "targetVariableSetName": "Primitives (Color)"
                },
                "com.figma.isOverride": true
              }
            }
          },
          "accent": {
            "default": {
              "$type": "color",
              "$value": {
                "colorSpace": "srgb",
                "components": [
                  0.04313725605607033,
                  0.47058823704719543,
                  0.7019608020782471
                ],
                "alpha": 1,
                "hex": "#0B78B3"
              },
              "$description": "Placeholder token: awaiting design definition for final value",
              "$extensions": {
                "com.figma.variableId": "VariableID:17563:57165",
                "com.figma.hiddenFromPublishing": true,
                "com.figma.scopes": [
                  "ALL_SCOPES"
                ],
                "com.figma.aliasData": {
                  "targetVariableId": "VariableID:56a330795f84e990c938d22485493b1b691092f9/83:40",
                  "targetVariableName": "color/blue/900",
                  "targetVariableSetId": "VariableCollectionId:6e7ac02d57674b3b03de2e5ceafbc65ec7c30619/82:944",
                  "targetVariableSetName": "Primitives (Color)"
                },
                "com.figma.isOverride": true
              }
            },
            "hover": {
              "$type": "color",
              "$value": {
                "colorSpace": "srgb",
                "components": [
                  0.01568627543747425,
                  0.4000000059604645,
                  0.5686274766921997
                ],
                "alpha": 1,
                "hex": "#046691"
              },
              "$description": "Placeholder token: awaiting design definition for final value",
              "$extensions": {
                "com.figma.variableId": "VariableID:17563:57137",
                "com.figma.hiddenFromPublishing": true,
                "com.figma.scopes": [
                  "ALL_SCOPES"
                ],
                "com.figma.aliasData": {
                  "targetVariableId": "VariableID:e42f7ebd4dc3e0c7815bf9011d1620d28b740850/83:41",
                  "targetVariableName": "color/blue/1000",
                  "targetVariableSetId": "VariableCollectionId:6e7ac02d57674b3b03de2e5ceafbc65ec7c30619/82:944",
                  "targetVariableSetName": "Primitives (Color)"
                },
                "com.figma.isOverride": true
              }
            },
            "active": {
              "$type": "color",
              "$value": {
                "colorSpace": "srgb",
                "components": [
                  0.01568627543747425,
                  0.4000000059604645,
                  0.5686274766921997
                ],
                "alpha": 1,
                "hex": "#046691"
              },
              "$description": "Placeholder token: awaiting design definition for final value",
              "$extensions": {
                "com.figma.variableId": "VariableID:17563:57152",
                "com.figma.hiddenFromPublishing": true,
                "com.figma.scopes": [
                  "ALL_SCOPES"
                ],
                "com.figma.aliasData": {
                  "targetVariableId": "VariableID:e42f7ebd4dc3e0c7815bf9011d1620d28b740850/83:41",
                  "targetVariableName": "color/blue/1000",
                  "targetVariableSetId": "VariableCollectionId:6e7ac02d57674b3b03de2e5ceafbc65ec7c30619/82:944",
                  "targetVariableSetName": "Primitives (Color)"
                },
                "com.figma.isOverride": true
              }
            }
          }
        }
      },
      "content": {
        "default": {
          "default": {
            "primary": {
              "solid-default": {
                "$type": "color",
                "$value": {
                  "colorSpace": "srgb",
                  "components": [
                    1,
                    1,
                    1
                  ],
                  "alpha": 1,
                  "hex": "#FFFFFF"
                },
                "$description": "Placeholder token: awaiting design definition for final value",
                "$extensions": {
                  "com.figma.variableId": "VariableID:17563:57178",
                  "com.figma.hiddenFromPublishing": true,
                  "com.figma.scopes": [
                    "ALL_SCOPES"
                  ],
                  "com.figma.aliasData": {
                    "targetVariableId": "VariableID:08bd673841027e49e0720f1be8ac7077ff38788c/82:1051",
                    "targetVariableName": "color/gray/25",
                    "targetVariableSetId": "VariableCollectionId:6e7ac02d57674b3b03de2e5ceafbc65ec7c30619/82:944",
                    "targetVariableSetName": "Primitives (Color)"
                  },
                  "com.figma.isOverride": true
                }
              },
              "solid-hover": {
                "$type": "color",
                "$value": {
                  "colorSpace": "srgb",
                  "components": [
                    1,
                    1,
                    1
                  ],
                  "alpha": 1,
                  "hex": "#FFFFFF"
                },
                "$description": "Placeholder token: awaiting design definition for final value",
                "$extensions": {
                  "com.figma.variableId": "VariableID:17563:57148",
                  "com.figma.hiddenFromPublishing": true,
                  "com.figma.scopes": [
                    "ALL_SCOPES"
                  ],
                  "com.figma.aliasData": {
                    "targetVariableId": "VariableID:08bd673841027e49e0720f1be8ac7077ff38788c/82:1051",
                    "targetVariableName": "color/gray/25",
                    "targetVariableSetId": "VariableCollectionId:6e7ac02d57674b3b03de2e5ceafbc65ec7c30619/82:944",
                    "targetVariableSetName": "Primitives (Color)"
                  },
                  "com.figma.isOverride": true
                }
              },
              "solid-active": {
                "$type": "color",
                "$value": {
                  "colorSpace": "srgb",
                  "components": [
                    1,
                    1,
                    1
                  ],
                  "alpha": 1,
                  "hex": "#FFFFFF"
                },
                "$description": "Placeholder token: awaiting design definition for final value",
                "$extensions": {
                  "com.figma.variableId": "VariableID:17563:57147",
                  "com.figma.hiddenFromPublishing": true,
                  "com.figma.scopes": [
                    "ALL_SCOPES"
                  ],
                  "com.figma.aliasData": {
                    "targetVariableId": "VariableID:08bd673841027e49e0720f1be8ac7077ff38788c/82:1051",
                    "targetVariableName": "color/gray/25",
                    "targetVariableSetId": "VariableCollectionId:6e7ac02d57674b3b03de2e5ceafbc65ec7c30619/82:944",
                    "targetVariableSetName": "Primitives (Color)"
                  },
                  "com.figma.isOverride": true
                }
              },
              "outlined-default": {
                "$type": "color",
                "$value": {
                  "colorSpace": "srgb",
                  "components": [
                    0.16078431904315948,
                    0.16078431904315948,
                    0.16078431904315948
                  ],
                  "alpha": 1,
                  "hex": "#292929"
                },
                "$description": "Placeholder token: awaiting design definition for final value",
                "$extensions": {
                  "com.figma.variableId": "VariableID:17563:57144",
                  "com.figma.hiddenFromPublishing": true,
                  "com.figma.scopes": [
                    "ALL_SCOPES"
                  ],
                  "com.figma.aliasData": {
                    "targetVariableId": "VariableID:830e3562b832d42e01d450774b6c96bb165a4a08/-1:-1",
                    "targetVariableName": "color/content/default",
                    "targetVariableSetId": "VariableCollectionId:6579f39324020088fbf713bf2d5f721f66137e6a/-1:-1",
                    "targetVariableSetName": "Semantic / Color"
                  },
                  "com.figma.isOverride": true
                }
              },
              "outlined-hover": {
                "$type": "color",
                "$value": {
                  "colorSpace": "srgb",
                  "components": [
                    0.07450980693101883,
                    0.07450980693101883,
                    0.07450980693101883
                  ],
                  "alpha": 1,
                  "hex": "#131313"
                },
                "$description": "Placeholder token: awaiting design definition for final value",
                "$extensions": {
                  "com.figma.variableId": "VariableID:17563:57155",
                  "com.figma.hiddenFromPublishing": true,
                  "com.figma.scopes": [
                    "ALL_SCOPES"
                  ],
                  "com.figma.aliasData": {
                    "targetVariableId": "VariableID:370803e0608891bcd0244f6f44f7071c5cd1f21a/-1:-1",
                    "targetVariableName": "color/content/default-hover",
                    "targetVariableSetId": "VariableCollectionId:6579f39324020088fbf713bf2d5f721f66137e6a/-1:-1",
                    "targetVariableSetName": "Semantic / Color"
                  },
                  "com.figma.isOverride": true
                }
              },
              "outlined-active": {
                "$type": "color",
                "$value": {
                  "colorSpace": "srgb",
                  "components": [
                    0.07450980693101883,
                    0.07450980693101883,
                    0.07450980693101883
                  ],
                  "alpha": 1,
                  "hex": "#131313"
                },
                "$description": "Placeholder token: awaiting design definition for final value",
                "$extensions": {
                  "com.figma.variableId": "VariableID:17563:57141",
                  "com.figma.hiddenFromPublishing": true,
                  "com.figma.scopes": [
                    "ALL_SCOPES"
                  ],
                  "com.figma.aliasData": {
                    "targetVariableId": "VariableID:370803e0608891bcd0244f6f44f7071c5cd1f21a/-1:-1",
                    "targetVariableName": "color/content/default-hover",
                    "targetVariableSetId": "VariableCollectionId:6579f39324020088fbf713bf2d5f721f66137e6a/-1:-1",
                    "targetVariableSetName": "Semantic / Color"
                  },
                  "com.figma.isOverride": true
                }
              }
            }
          },
          "secondary": {
            "solid-default": {
              "$type": "color",
              "$value": {
                "colorSpace": "srgb",
                "components": [
                  0,
                  0,
                  0
                ],
                "alpha": 0.07999999821186066,
                "hex": "#000000"
              },
              "$description": "Placeholder token: awaiting design definition for final value",
              "$extensions": {
                "com.figma.variableId": "VariableID:17563:57139",
                "com.figma.hiddenFromPublishing": true,
                "com.figma.scopes": [
                  "ALL_SCOPES"
                ],
                "com.figma.aliasData": {
                  "targetVariableId": "VariableID:c5e3f487b9ce40b9cb93c2bd3c3e05d8dda2d6df/82:1042",
                  "targetVariableName": "color/transparent/black/08",
                  "targetVariableSetId": "VariableCollectionId:6e7ac02d57674b3b03de2e5ceafbc65ec7c30619/82:944",
                  "targetVariableSetName": "Primitives (Color)"
                },
                "com.figma.isOverride": true
              }
            },
            "solid-hover": {
              "$type": "color",
              "$value": {
                "colorSpace": "srgb",
                "components": [
                  0,
                  0,
                  0
                ],
                "alpha": 0.11999999731779099,
                "hex": "#000000"
              },
              "$description": "Placeholder token: awaiting design definition for final value",
              "$extensions": {
                "com.figma.variableId": "VariableID:17563:57138",
                "com.figma.hiddenFromPublishing": true,
                "com.figma.scopes": [
                  "ALL_SCOPES"
                ],
                "com.figma.aliasData": {
                  "targetVariableId": "VariableID:16bfe587b352c447a8edb507b928724d0e4d2a90/82:1014",
                  "targetVariableName": "color/transparent/black/12",
                  "targetVariableSetId": "VariableCollectionId:6e7ac02d57674b3b03de2e5ceafbc65ec7c30619/82:944",
                  "targetVariableSetName": "Primitives (Color)"
                },
                "com.figma.isOverride": true
              }
            },
            "solid-active": {
              "$type": "color",
              "$value": {
                "colorSpace": "srgb",
                "components": [
                  0,
                  0,
                  0
                ],
                "alpha": 0.11999999731779099,
                "hex": "#000000"
              },
              "$description": "Placeholder token: awaiting design definition for final value",
              "$extensions": {
                "com.figma.variableId": "VariableID:17563:57140",
                "com.figma.hiddenFromPublishing": true,
                "com.figma.scopes": [
                  "ALL_SCOPES"
                ],
                "com.figma.aliasData": {
                  "targetVariableId": "VariableID:16bfe587b352c447a8edb507b928724d0e4d2a90/82:1014",
                  "targetVariableName": "color/transparent/black/12",
                  "targetVariableSetId": "VariableCollectionId:6e7ac02d57674b3b03de2e5ceafbc65ec7c30619/82:944",
                  "targetVariableSetName": "Primitives (Color)"
                },
                "com.figma.isOverride": true
              }
            },
            "outlined-default": {
              "$type": "color",
              "$value": {
                "colorSpace": "srgb",
                "components": [
                  0,
                  0,
                  0
                ],
                "alpha": 0.07999999821186066,
                "hex": "#000000"
              },
              "$description": "Placeholder token: awaiting design definition for final value",
              "$extensions": {
                "com.figma.variableId": "VariableID:17563:57145",
                "com.figma.hiddenFromPublishing": true,
                "com.figma.scopes": [
                  "ALL_SCOPES"
                ],
                "com.figma.aliasData": {
                  "targetVariableId": "VariableID:c5e3f487b9ce40b9cb93c2bd3c3e05d8dda2d6df/82:1042",
                  "targetVariableName": "color/transparent/black/08",
                  "targetVariableSetId": "VariableCollectionId:6e7ac02d57674b3b03de2e5ceafbc65ec7c30619/82:944",
                  "targetVariableSetName": "Primitives (Color)"
                },
                "com.figma.isOverride": true
              }
            },
            "outlined-hover": {
              "$type": "color",
              "$value": {
                "colorSpace": "srgb",
                "components": [
                  0,
                  0,
                  0
                ],
                "alpha": 0.11999999731779099,
                "hex": "#000000"
              },
              "$description": "Placeholder token: awaiting design definition for final value",
              "$extensions": {
                "com.figma.variableId": "VariableID:17563:57136",
                "com.figma.hiddenFromPublishing": true,
                "com.figma.scopes": [
                  "ALL_SCOPES"
                ],
                "com.figma.aliasData": {
                  "targetVariableId": "VariableID:16bfe587b352c447a8edb507b928724d0e4d2a90/82:1014",
                  "targetVariableName": "color/transparent/black/12",
                  "targetVariableSetId": "VariableCollectionId:6e7ac02d57674b3b03de2e5ceafbc65ec7c30619/82:944",
                  "targetVariableSetName": "Primitives (Color)"
                },
                "com.figma.isOverride": true
              }
            },
            "outlined-active": {
              "$type": "color",
              "$value": {
                "colorSpace": "srgb",
                "components": [
                  0,
                  0,
                  0
                ],
                "alpha": 0.11999999731779099,
                "hex": "#000000"
              },
              "$description": "Placeholder token: awaiting design definition for final value",
              "$extensions": {
                "com.figma.variableId": "VariableID:17563:57133",
                "com.figma.hiddenFromPublishing": true,
                "com.figma.scopes": [
                  "ALL_SCOPES"
                ],
                "com.figma.aliasData": {
                  "targetVariableId": "VariableID:16bfe587b352c447a8edb507b928724d0e4d2a90/82:1014",
                  "targetVariableName": "color/transparent/black/12",
                  "targetVariableSetId": "VariableCollectionId:6e7ac02d57674b3b03de2e5ceafbc65ec7c30619/82:944",
                  "targetVariableSetName": "Primitives (Color)"
                },
                "com.figma.isOverride": true
              }
            }
          },
          "negative": {
            "default": {
              "$type": "color",
              "$value": {
                "colorSpace": "srgb",
                "components": [
                  1,
                  1,
                  1
                ],
                "alpha": 1,
                "hex": "#FFFFFF"
              },
              "$description": "Placeholder token: awaiting design definition for final value",
              "$extensions": {
                "com.figma.variableId": "VariableID:17563:57154",
                "com.figma.hiddenFromPublishing": true,
                "com.figma.scopes": [
                  "ALL_SCOPES"
                ],
                "com.figma.aliasData": {
                  "targetVariableId": "VariableID:08bd673841027e49e0720f1be8ac7077ff38788c/82:1051",
                  "targetVariableName": "color/gray/25",
                  "targetVariableSetId": "VariableCollectionId:6e7ac02d57674b3b03de2e5ceafbc65ec7c30619/82:944",
                  "targetVariableSetName": "Primitives (Color)"
                },
                "com.figma.isOverride": true
              }
            },
            "hover": {
              "$type": "color",
              "$value": {
                "colorSpace": "srgb",
                "components": [
                  1,
                  1,
                  1
                ],
                "alpha": 1,
                "hex": "#FFFFFF"
              },
              "$description": "Placeholder token: awaiting design definition for final value",
              "$extensions": {
                "com.figma.variableId": "VariableID:17563:57129",
                "com.figma.hiddenFromPublishing": true,
                "com.figma.scopes": [
                  "ALL_SCOPES"
                ],
                "com.figma.aliasData": {
                  "targetVariableId": "VariableID:08bd673841027e49e0720f1be8ac7077ff38788c/82:1051",
                  "targetVariableName": "color/gray/25",
                  "targetVariableSetId": "VariableCollectionId:6e7ac02d57674b3b03de2e5ceafbc65ec7c30619/82:944",
                  "targetVariableSetName": "Primitives (Color)"
                },
                "com.figma.isOverride": true
              }
            },
            "active": {
              "$type": "color",
              "$value": {
                "colorSpace": "srgb",
                "components": [
                  1,
                  1,
                  1
                ],
                "alpha": 1,
                "hex": "#FFFFFF"
              },
              "$description": "Placeholder token: awaiting design definition for final value",
              "$extensions": {
                "com.figma.variableId": "VariableID:17563:57128",
                "com.figma.hiddenFromPublishing": true,
                "com.figma.scopes": [
                  "ALL_SCOPES"
                ],
                "com.figma.aliasData": {
                  "targetVariableId": "VariableID:08bd673841027e49e0720f1be8ac7077ff38788c/82:1051",
                  "targetVariableName": "color/gray/25",
                  "targetVariableSetId": "VariableCollectionId:6e7ac02d57674b3b03de2e5ceafbc65ec7c30619/82:944",
                  "targetVariableSetName": "Primitives (Color)"
                },
                "com.figma.isOverride": true
              }
            }
          },
          "accent": {
            "default": {
              "$type": "color",
              "$value": {
                "colorSpace": "srgb",
                "components": [
                  1,
                  1,
                  1
                ],
                "alpha": 1,
                "hex": "#FFFFFF"
              },
              "$description": "Placeholder token: awaiting design definition for final value",
              "$extensions": {
                "com.figma.variableId": "VariableID:17563:57127",
                "com.figma.hiddenFromPublishing": true,
                "com.figma.scopes": [
                  "ALL_SCOPES"
                ],
                "com.figma.aliasData": {
                  "targetVariableId": "VariableID:08bd673841027e49e0720f1be8ac7077ff38788c/82:1051",
                  "targetVariableName": "color/gray/25",
                  "targetVariableSetId": "VariableCollectionId:6e7ac02d57674b3b03de2e5ceafbc65ec7c30619/82:944",
                  "targetVariableSetName": "Primitives (Color)"
                },
                "com.figma.isOverride": true
              }
            },
            "hover": {
              "$type": "color",
              "$value": {
                "colorSpace": "srgb",
                "components": [
                  1,
                  1,
                  1
                ],
                "alpha": 1,
                "hex": "#FFFFFF"
              },
              "$description": "Placeholder token: awaiting design definition for final value",
              "$extensions": {
                "com.figma.variableId": "VariableID:17563:57134",
                "com.figma.hiddenFromPublishing": true,
                "com.figma.scopes": [
                  "ALL_SCOPES"
                ],
                "com.figma.aliasData": {
                  "targetVariableId": "VariableID:08bd673841027e49e0720f1be8ac7077ff38788c/82:1051",
                  "targetVariableName": "color/gray/25",
                  "targetVariableSetId": "VariableCollectionId:6e7ac02d57674b3b03de2e5ceafbc65ec7c30619/82:944",
                  "targetVariableSetName": "Primitives (Color)"
                },
                "com.figma.isOverride": true
              }
            },
            "active": {
              "$type": "color",
              "$value": {
                "colorSpace": "srgb",
                "components": [
                  1,
                  1,
                  1
                ],
                "alpha": 1,
                "hex": "#FFFFFF"
              },
              "$description": "Placeholder token: awaiting design definition for final value",
              "$extensions": {
                "com.figma.variableId": "VariableID:17563:57159",
                "com.figma.hiddenFromPublishing": true,
                "com.figma.scopes": [
                  "ALL_SCOPES"
                ],
                "com.figma.aliasData": {
                  "targetVariableId": "VariableID:08bd673841027e49e0720f1be8ac7077ff38788c/82:1051",
                  "targetVariableName": "color/gray/25",
                  "targetVariableSetId": "VariableCollectionId:6e7ac02d57674b3b03de2e5ceafbc65ec7c30619/82:944",
                  "targetVariableSetName": "Primitives (Color)"
                },
                "com.figma.isOverride": true
              }
            }
          }
        }
      }
    }
  },
  "$extensions": {
    "com.figma.modeName": "Light"
  }
}