{
  "color": {
    "data-viz": {
      "magenta": {
        "700": {
          "value": "#CF1F5C"
        },
        "600": {
          "value": "#B5134C"
        }
      },
      "pink": {
        "700": {
          "value": "#C4278A"
        },
        "600": {
          "value": "#AB1D77"
        }
      },
      "fuchsia": {
        "800": {
          "value": "#C040D4"
        },
        "700": {
          "value": "#AD33C0"
        }
      },
      "purple": {
        "900": {
          "value": "#AD69E9"
        },
        "800": {
          "value": "#A154E5"
        }
      },
      "indigo": {
        "900": {
          "value": "#8077FE"
        },
        "800": {
          "value": "#7761FC"
        }
      },
      "cyan": {
        "700": {
          "value": "#0873A8"
        },
        "600": {
          "value": "#03638C"
        }
      },
      "turquoise": {
        "600": {
          "value": "#056770"
        },
        "500": {
          "value": "#03545C"
        }
      },
      "seafoam": {
        "600": {
          "value": "#046959"
        },
        "500": {
          "value": "#02564B"
        }
      },
      "celery": {
        "600": {
          "value": "#32690B"
        },
        "500": {
          "value": "#295608"
        }
      },
      "chartreuse": {
        "500": {
          "value": "#445200"
        },
        "400": {
          "value": "#353F00"
        }
      }
    }
  }
}
