{
  "color": {
    "data-viz": {
      "magenta": {
        "700": {
          "value": "#FF4885"
        },
        "600": {
          "value": "#FF709F"
        }
      },
      "pink": {
        "700": {
          "value": "#F24CB8"
        },
        "600": {
          "value": "#FF67CC"
        }
      },
      "fuchsia": {
        "800": {
          "value": "#C844DC"
        },
        "700": {
          "value": "#DF4DF5"
        }
      },
      "purple": {
        "900": {
          "value": "#9A47E2"
        },
        "800": {
          "value": "#A65CE7"
        }
      },
      "indigo": {
        "900": {
          "value": "#7155FA"
        },
        "800": {
          "value": "#7A6AFD"
        }
      },
      "cyan": {
        "700": {
          "value": "#1D95E7"
        },
        "600": {
          "value": "#30A7FE"
        }
      },
      "turquoise": {
        "600": {
          "value": "#0FB1C0"
        },
        "500": {
          "value": "#27CAD8"
        }
      },
      "seafoam": {
        "600": {
          "value": "#0DB595"
        },
        "500": {
          "value": "#10CFA9"
        }
      },
      "celery": {
        "600": {
          "value": "#5DB41F"
        },
        "500": {
          "value": "#6ECE2A"
        }
      },
      "chartreuse": {
        "500": {
          "value": "#A3C400"
        },
        "400": {
          "value": "#B6DB00"
        }
      }
    }
  }
}
