{
  "spacing": {
    "0": {
      "value": "0px"
    },
    "2": {
      "value": "2px"
    },
    "4": {
      "value": "4px"
    },
    "8": {
      "value": "8px"
    },
    "12": {
      "value": "12px"
    },
    "16": {
      "value": "16px"
    },
    "24": {
      "value": "24px"
    },
    "32": {
      "value": "32px"
    },
    "40": {
      "value": "40px"
    },
    "48": {
      "value": "48px"
    },
    "64": {
      "value": "64px"
    },
    "80": {
      "value": "80px"
    },
    "96": {
      "value": "96px"
    },
    "104": {
      "value": "104px"
    }
  }
}
