{
  "marquee-radius": {
    "$type": "number",
    "$value": 32,
    "$extensions": {
      "com.figma.variableId": "VariableID:18795:28654",
      "com.figma.scopes": [
        "ALL_SCOPES"
      ],
      "com.figma.aliasData": {
        "targetVariableId": "VariableID:e4560f4de1a6f6a1209506bff429d9d1763e62f5/-1:-1",
        "targetVariableName": "border/radius/lg",
        "targetVariableSetId": "VariableCollectionId:27a4206887fe2c99a83dde8d9268493c141504fc/-1:-1",
        "targetVariableSetName": "Semantic / Core"
      },
      "com.figma.isOverride": true
    }
  },
  "button": {
    "effect": {
      "on-media": {
        "secondary": {
          "glass": {
            "background-blur": {
              "$type": "number",
              "$value": 10,
              "$extensions": {
                "com.figma.variableId": "VariableID:18799:30155",
                "com.figma.scopes": [
                  "EFFECT_FLOAT"
                ],
                "com.figma.isOverride": true
              }
            }
          }
        }
      }
    }
  },
  "$extensions": {
    "com.figma.modeName": "Mode 1"
  }
}