{
  "border": {
    "radius": {
      "none": {
        "value": "{border.radius.0}"
      },
      "2xs": {
        "value": "{border.radius.2}"
      },
      "xs": {
        "value": "{border.radius.4}"
      },
      "sm": {
        "value": "{border.radius.8}"
      },
      "md": {
        "value": "{border.radius.16}"
      },
      "lg": {
        "value": "{border.radius.32}"
      },
      "full": {
        "value": "{border.radius.round}"
      }
    },
    "width": {
      "sm": {
        "value": "{border.width.1}"
      },
      "md": {
        "value": "{border.width.2}"
      },
      "lg": {
        "value": "{border.width.4}"
      },
      "xl": {
        "value": "{border.width.8}"
      }
    }
  }
}
