{
  "border": {
    "radius": {
      "0": {
        "$type": "number",
        "$value": 0,
        "$description": "",
        "$extensions": {
          "com.figma": {
            "hiddenFromPublishing": true,
            "scopes": [],
            "codeSyntax": {}
          }
        }
      },
      "2": {
        "$type": "number",
        "$value": 2,
        "$description": "",
        "$extensions": {
          "com.figma": {
            "hiddenFromPublishing": true,
            "scopes": [],
            "codeSyntax": {}
          }
        }
      },
      "4": {
        "$type": "number",
        "$value": 4,
        "$description": "",
        "$extensions": {
          "com.figma": {
            "hiddenFromPublishing": true,
            "scopes": [],
            "codeSyntax": {}
          }
        }
      },
      "8": {
        "$type": "number",
        "$value": 8,
        "$description": "",
        "$extensions": {
          "com.figma": {
            "hiddenFromPublishing": true,
            "scopes": [],
            "codeSyntax": {}
          }
        }
      },
      "16": {
        "$type": "number",
        "$value": 16,
        "$description": "",
        "$extensions": {
          "com.figma": {
            "hiddenFromPublishing": true,
            "scopes": [],
            "codeSyntax": {}
          }
        }
      },
      "32": {
        "$type": "number",
        "$value": 32,
        "$description": "",
        "$extensions": {
          "com.figma": {
            "hiddenFromPublishing": true,
            "scopes": [],
            "codeSyntax": {}
          }
        }
      },
      "round": {
        "$type": "number",
        "$value": 999,
        "$description": "",
        "$extensions": {
          "com.figma": {
            "hiddenFromPublishing": true,
            "scopes": [],
            "codeSyntax": {}
          }
        }
      }
    },
    "width": {
      "1": {
        "$type": "number",
        "$value": 1,
        "$description": "",
        "$extensions": {
          "com.figma": {
            "hiddenFromPublishing": true,
            "scopes": [],
            "codeSyntax": {}
          }
        }
      },
      "2": {
        "$type": "number",
        "$value": 2,
        "$description": "",
        "$extensions": {
          "com.figma": {
            "hiddenFromPublishing": true,
            "scopes": [],
            "codeSyntax": {}
          }
        }
      },
      "4": {
        "$type": "number",
        "$value": 4,
        "$description": "",
        "$extensions": {
          "com.figma": {
            "hiddenFromPublishing": true,
            "scopes": [],
            "codeSyntax": {}
          }
        }
      },
      "8": {
        "$type": "number",
        "$value": 8,
        "$description": "",
        "$extensions": {
          "com.figma": {
            "hiddenFromPublishing": true,
            "scopes": [],
            "codeSyntax": {}
          }
        }
      }
    }
  },
  "opacity": {
    "12": {
      "$type": "number",
      "$value": 12,
      "$description": "",
      "$extensions": {
        "com.figma": {
          "hiddenFromPublishing": false,
          "scopes": [
            "ALL_SCOPES"
          ],
          "codeSyntax": {}
        }
      }
    },
    "16": {
      "$type": "number",
      "$value": 16,
      "$description": "",
      "$extensions": {
        "com.figma": {
          "hiddenFromPublishing": false,
          "scopes": [
            "ALL_SCOPES"
          ],
          "codeSyntax": {}
        }
      }
    },
    "24": {
      "$type": "number",
      "$value": 24,
      "$description": "",
      "$extensions": {
        "com.figma": {
          "hiddenFromPublishing": false,
          "scopes": [
            "ALL_SCOPES"
          ],
          "codeSyntax": {}
        }
      }
    },
    "32": {
      "$type": "number",
      "$value": 32,
      "$description": "",
      "$extensions": {
        "com.figma": {
          "hiddenFromPublishing": false,
          "scopes": [
            "ALL_SCOPES"
          ],
          "codeSyntax": {}
        }
      }
    },
    "48": {
      "$type": "number",
      "$value": 48,
      "$description": "",
      "$extensions": {
        "com.figma": {
          "hiddenFromPublishing": false,
          "scopes": [
            "ALL_SCOPES"
          ],
          "codeSyntax": {}
        }
      }
    },
    "64": {
      "$type": "number",
      "$value": 64,
      "$description": "",
      "$extensions": {
        "com.figma": {
          "hiddenFromPublishing": false,
          "scopes": [
            "ALL_SCOPES"
          ],
          "codeSyntax": {}
        }
      }
    },
    "72": {
      "$type": "number",
      "$value": 72,
      "$description": "",
      "$extensions": {
        "com.figma": {
          "hiddenFromPublishing": false,
          "scopes": [
            "ALL_SCOPES"
          ],
          "codeSyntax": {}
        }
      }
    },
    "84": {
      "$type": "number",
      "$value": 84,
      "$description": "",
      "$extensions": {
        "com.figma": {
          "hiddenFromPublishing": false,
          "scopes": [
            "ALL_SCOPES"
          ],
          "codeSyntax": {}
        }
      }
    },
    "100": {
      "$type": "number",
      "$value": 100,
      "$description": "",
      "$extensions": {
        "com.figma": {
          "hiddenFromPublishing": false,
          "scopes": [
            "ALL_SCOPES"
          ],
          "codeSyntax": {}
        }
      }
    },
    "00": {
      "$type": "number",
      "$value": 0,
      "$description": "",
      "$extensions": {
        "com.figma": {
          "hiddenFromPublishing": false,
          "scopes": [
            "ALL_SCOPES"
          ],
          "codeSyntax": {}
        }
      }
    },
    "08": {
      "$type": "number",
      "$value": 8,
      "$description": "",
      "$extensions": {
        "com.figma": {
          "hiddenFromPublishing": false,
          "scopes": [
            "ALL_SCOPES"
          ],
          "codeSyntax": {}
        }
      }
    }
  },
  "shadow": {
    "level-1": {
      "x": {
        "$type": "number",
        "$value": 0,
        "$description": "",
        "$extensions": {
          "com.figma": {
            "hiddenFromPublishing": true,
            "scopes": [],
            "codeSyntax": {}
          }
        }
      },
      "y": {
        "$type": "number",
        "$value": 1,
        "$description": "",
        "$extensions": {
          "com.figma": {
            "hiddenFromPublishing": true,
            "scopes": [],
            "codeSyntax": {}
          }
        }
      },
      "blur": {
        "$type": "number",
        "$value": 6,
        "$description": "",
        "$extensions": {
          "com.figma": {
            "hiddenFromPublishing": true,
            "scopes": [],
            "codeSyntax": {}
          }
        }
      },
      "spread": {
        "$type": "number",
        "$value": 0,
        "$description": "",
        "$extensions": {
          "com.figma": {
            "hiddenFromPublishing": true,
            "scopes": [],
            "codeSyntax": {}
          }
        }
      },
      "color": {
        "$type": "color",
        "$value": "#0000001F",
        "$description": "",
        "$extensions": {
          "com.figma": {
            "hiddenFromPublishing": true,
            "scopes": [],
            "codeSyntax": {}
          }
        }
      }
    },
    "level-2": {
      "x": {
        "$type": "number",
        "$value": 0,
        "$description": "",
        "$extensions": {
          "com.figma": {
            "hiddenFromPublishing": true,
            "scopes": [],
            "codeSyntax": {}
          }
        }
      },
      "y": {
        "$type": "number",
        "$value": 2,
        "$description": "",
        "$extensions": {
          "com.figma": {
            "hiddenFromPublishing": true,
            "scopes": [],
            "codeSyntax": {}
          }
        }
      },
      "blur": {
        "$type": "number",
        "$value": 8,
        "$description": "",
        "$extensions": {
          "com.figma": {
            "hiddenFromPublishing": true,
            "scopes": [],
            "codeSyntax": {}
          }
        }
      },
      "spread": {
        "$type": "number",
        "$value": 0,
        "$description": "",
        "$extensions": {
          "com.figma": {
            "hiddenFromPublishing": true,
            "scopes": [],
            "codeSyntax": {}
          }
        }
      },
      "color": {
        "$type": "color",
        "$value": "#00000029",
        "$description": "",
        "$extensions": {
          "com.figma": {
            "hiddenFromPublishing": true,
            "scopes": [],
            "codeSyntax": {}
          }
        }
      }
    },
    "level-3": {
      "x": {
        "$type": "number",
        "$value": 0,
        "$description": "",
        "$extensions": {
          "com.figma": {
            "hiddenFromPublishing": true,
            "scopes": [],
            "codeSyntax": {}
          }
        }
      },
      "y": {
        "$type": "number",
        "$value": 4,
        "$description": "",
        "$extensions": {
          "com.figma": {
            "hiddenFromPublishing": true,
            "scopes": [],
            "codeSyntax": {}
          }
        }
      },
      "blur": {
        "$type": "number",
        "$value": 12,
        "$description": "",
        "$extensions": {
          "com.figma": {
            "hiddenFromPublishing": true,
            "scopes": [],
            "codeSyntax": {}
          }
        }
      },
      "spread": {
        "$type": "number",
        "$value": 0,
        "$description": "",
        "$extensions": {
          "com.figma": {
            "hiddenFromPublishing": true,
            "scopes": [],
            "codeSyntax": {}
          }
        }
      },
      "color": {
        "$type": "color",
        "$value": "#00000029",
        "$description": "",
        "$extensions": {
          "com.figma": {
            "hiddenFromPublishing": true,
            "scopes": [],
            "codeSyntax": {}
          }
        }
      }
    },
    "level-4": {
      "x": {
        "$type": "number",
        "$value": 0,
        "$description": "",
        "$extensions": {
          "com.figma": {
            "hiddenFromPublishing": true,
            "scopes": [],
            "codeSyntax": {}
          }
        }
      },
      "y": {
        "$type": "number",
        "$value": 6,
        "$description": "",
        "$extensions": {
          "com.figma": {
            "hiddenFromPublishing": true,
            "scopes": [],
            "codeSyntax": {}
          }
        }
      },
      "blur": {
        "$type": "number",
        "$value": 16,
        "$description": "",
        "$extensions": {
          "com.figma": {
            "hiddenFromPublishing": true,
            "scopes": [],
            "codeSyntax": {}
          }
        }
      },
      "spread": {
        "$type": "number",
        "$value": 0,
        "$description": "",
        "$extensions": {
          "com.figma": {
            "hiddenFromPublishing": true,
            "scopes": [],
            "codeSyntax": {}
          }
        }
      },
      "color": {
        "$type": "color",
        "$value": "#00000029",
        "$description": "",
        "$extensions": {
          "com.figma": {
            "hiddenFromPublishing": true,
            "scopes": [],
            "codeSyntax": {}
          }
        }
      }
    }
  },
  "spacing": {
    "0": {
      "$type": "number",
      "$value": 0,
      "$description": "",
      "$extensions": {
        "com.figma": {
          "hiddenFromPublishing": true,
          "scopes": [
            "WIDTH_HEIGHT",
            "GAP"
          ],
          "codeSyntax": {}
        }
      }
    },
    "2": {
      "$type": "number",
      "$value": 2,
      "$description": "",
      "$extensions": {
        "com.figma": {
          "hiddenFromPublishing": true,
          "scopes": [
            "WIDTH_HEIGHT",
            "GAP"
          ],
          "codeSyntax": {}
        }
      }
    },
    "4": {
      "$type": "number",
      "$value": 4,
      "$description": "",
      "$extensions": {
        "com.figma": {
          "hiddenFromPublishing": true,
          "scopes": [
            "WIDTH_HEIGHT",
            "GAP"
          ],
          "codeSyntax": {}
        }
      }
    },
    "8": {
      "$type": "number",
      "$value": 8,
      "$description": "",
      "$extensions": {
        "com.figma": {
          "hiddenFromPublishing": true,
          "scopes": [
            "WIDTH_HEIGHT",
            "GAP"
          ],
          "codeSyntax": {}
        }
      }
    },
    "12": {
      "$type": "number",
      "$value": 12,
      "$description": "",
      "$extensions": {
        "com.figma": {
          "hiddenFromPublishing": true,
          "scopes": [
            "WIDTH_HEIGHT",
            "GAP"
          ],
          "codeSyntax": {}
        }
      }
    },
    "16": {
      "$type": "number",
      "$value": 16,
      "$description": "",
      "$extensions": {
        "com.figma": {
          "hiddenFromPublishing": true,
          "scopes": [
            "WIDTH_HEIGHT",
            "GAP"
          ],
          "codeSyntax": {}
        }
      }
    },
    "24": {
      "$type": "number",
      "$value": 24,
      "$description": "",
      "$extensions": {
        "com.figma": {
          "hiddenFromPublishing": true,
          "scopes": [
            "WIDTH_HEIGHT",
            "GAP"
          ],
          "codeSyntax": {}
        }
      }
    },
    "32": {
      "$type": "number",
      "$value": 32,
      "$description": "",
      "$extensions": {
        "com.figma": {
          "hiddenFromPublishing": true,
          "scopes": [
            "WIDTH_HEIGHT",
            "GAP"
          ],
          "codeSyntax": {}
        }
      }
    },
    "40": {
      "$type": "number",
      "$value": 40,
      "$description": "",
      "$extensions": {
        "com.figma": {
          "hiddenFromPublishing": true,
          "scopes": [
            "WIDTH_HEIGHT",
            "GAP"
          ],
          "codeSyntax": {}
        }
      }
    },
    "48": {
      "$type": "number",
      "$value": 48,
      "$description": "",
      "$extensions": {
        "com.figma": {
          "hiddenFromPublishing": true,
          "scopes": [
            "WIDTH_HEIGHT",
            "GAP"
          ],
          "codeSyntax": {}
        }
      }
    },
    "64": {
      "$type": "number",
      "$value": 64,
      "$description": "",
      "$extensions": {
        "com.figma": {
          "hiddenFromPublishing": true,
          "scopes": [
            "WIDTH_HEIGHT",
            "GAP"
          ],
          "codeSyntax": {}
        }
      }
    },
    "80": {
      "$type": "number",
      "$value": 80,
      "$description": "",
      "$extensions": {
        "com.figma": {
          "hiddenFromPublishing": true,
          "scopes": [
            "WIDTH_HEIGHT",
            "GAP"
          ],
          "codeSyntax": {}
        }
      }
    },
    "96": {
      "$type": "number",
      "$value": 96,
      "$description": "",
      "$extensions": {
        "com.figma": {
          "hiddenFromPublishing": true,
          "scopes": [
            "WIDTH_HEIGHT",
            "GAP"
          ],
          "codeSyntax": {}
        }
      }
    },
    "104": {
      "$type": "number",
      "$value": 104,
      "$description": "",
      "$extensions": {
        "com.figma": {
          "hiddenFromPublishing": true,
          "scopes": [
            "WIDTH_HEIGHT",
            "GAP"
          ],
          "codeSyntax": {}
        }
      }
    }
  },
  "typography": {
    "font-family": {
      "adobe-clean": {
        "$type": "string",
        "$value": "Adobe Clean",
        "$description": "",
        "$extensions": {
          "com.figma": {
            "hiddenFromPublishing": true,
            "scopes": [
              "FONT_FAMILY"
            ],
            "codeSyntax": {}
          }
        }
      }
    },
    "font-weight": {
      "black": {
        "$type": "string",
        "$value": "Black",
        "$description": "",
        "$extensions": {
          "com.figma": {
            "hiddenFromPublishing": false,
            "scopes": [
              "FONT_STYLE"
            ],
            "codeSyntax": {}
          }
        }
      },
      "extrabold": {
        "$type": "string",
        "$value": "ExtraBold",
        "$description": "",
        "$extensions": {
          "com.figma": {
            "hiddenFromPublishing": false,
            "scopes": [
              "FONT_STYLE"
            ],
            "codeSyntax": {}
          }
        }
      },
      "bold": {
        "$type": "string",
        "$value": "Bold",
        "$description": "",
        "$extensions": {
          "com.figma": {
            "hiddenFromPublishing": false,
            "scopes": [
              "FONT_STYLE"
            ],
            "codeSyntax": {}
          }
        }
      },
      "medium": {
        "$type": "string",
        "$value": "Medium",
        "$description": "",
        "$extensions": {
          "com.figma": {
            "hiddenFromPublishing": false,
            "scopes": [
              "FONT_STYLE"
            ],
            "codeSyntax": {}
          }
        }
      },
      "regular": {
        "$type": "string",
        "$value": "Regular",
        "$description": "",
        "$extensions": {
          "com.figma": {
            "hiddenFromPublishing": false,
            "scopes": [
              "FONT_STYLE"
            ],
            "codeSyntax": {}
          }
        }
      }
    },
    "font-size": {
      "10": {
        "$type": "number",
        "$value": 10,
        "$description": "",
        "$extensions": {
          "com.figma": {
            "hiddenFromPublishing": true,
            "scopes": [
              "FONT_SIZE"
            ],
            "codeSyntax": {}
          }
        }
      },
      "11": {
        "$type": "number",
        "$value": 11,
        "$description": "",
        "$extensions": {
          "com.figma": {
            "hiddenFromPublishing": true,
            "scopes": [
              "FONT_SIZE"
            ],
            "codeSyntax": {}
          }
        }
      },
      "12": {
        "$type": "number",
        "$value": 12,
        "$description": "",
        "$extensions": {
          "com.figma": {
            "hiddenFromPublishing": true,
            "scopes": [
              "FONT_SIZE"
            ],
            "codeSyntax": {}
          }
        }
      },
      "14": {
        "$type": "number",
        "$value": 14,
        "$description": "",
        "$extensions": {
          "com.figma": {
            "hiddenFromPublishing": true,
            "scopes": [
              "FONT_SIZE"
            ],
            "codeSyntax": {}
          }
        }
      },
      "16": {
        "$type": "number",
        "$value": 16,
        "$description": "",
        "$extensions": {
          "com.figma": {
            "hiddenFromPublishing": true,
            "scopes": [
              "FONT_SIZE"
            ],
            "codeSyntax": {}
          }
        }
      },
      "18": {
        "$type": "number",
        "$value": 18,
        "$description": "",
        "$extensions": {
          "com.figma": {
            "hiddenFromPublishing": true,
            "scopes": [
              "FONT_SIZE"
            ],
            "codeSyntax": {}
          }
        }
      },
      "20": {
        "$type": "number",
        "$value": 20,
        "$description": "",
        "$extensions": {
          "com.figma": {
            "hiddenFromPublishing": true,
            "scopes": [
              "FONT_SIZE"
            ],
            "codeSyntax": {}
          }
        }
      },
      "22": {
        "$type": "number",
        "$value": 22,
        "$description": "",
        "$extensions": {
          "com.figma": {
            "hiddenFromPublishing": true,
            "scopes": [
              "FONT_SIZE"
            ],
            "codeSyntax": {}
          }
        }
      },
      "25": {
        "$type": "number",
        "$value": 25,
        "$description": "",
        "$extensions": {
          "com.figma": {
            "hiddenFromPublishing": true,
            "scopes": [
              "FONT_SIZE"
            ],
            "codeSyntax": {}
          }
        }
      },
      "28": {
        "$type": "number",
        "$value": 28,
        "$description": "",
        "$extensions": {
          "com.figma": {
            "hiddenFromPublishing": true,
            "scopes": [
              "FONT_SIZE"
            ],
            "codeSyntax": {}
          }
        }
      },
      "32": {
        "$type": "number",
        "$value": 32,
        "$description": "",
        "$extensions": {
          "com.figma": {
            "hiddenFromPublishing": true,
            "scopes": [
              "FONT_SIZE"
            ],
            "codeSyntax": {}
          }
        }
      },
      "36": {
        "$type": "number",
        "$value": 36,
        "$description": "",
        "$extensions": {
          "com.figma": {
            "hiddenFromPublishing": true,
            "scopes": [
              "FONT_SIZE"
            ],
            "codeSyntax": {}
          }
        }
      },
      "40": {
        "$type": "number",
        "$value": 40,
        "$description": "",
        "$extensions": {
          "com.figma": {
            "hiddenFromPublishing": true,
            "scopes": [
              "FONT_SIZE"
            ],
            "codeSyntax": {}
          }
        }
      },
      "45": {
        "$type": "number",
        "$value": 45,
        "$description": "",
        "$extensions": {
          "com.figma": {
            "hiddenFromPublishing": true,
            "scopes": [
              "FONT_SIZE"
            ],
            "codeSyntax": {}
          }
        }
      },
      "48": {
        "$type": "number",
        "$value": 48,
        "$description": "",
        "$extensions": {
          "com.figma": {
            "hiddenFromPublishing": true,
            "scopes": [
              "FONT_SIZE"
            ],
            "codeSyntax": {}
          }
        }
      },
      "51": {
        "$type": "number",
        "$value": 51,
        "$description": "",
        "$extensions": {
          "com.figma": {
            "hiddenFromPublishing": true,
            "scopes": [
              "FONT_SIZE"
            ],
            "codeSyntax": {}
          }
        }
      },
      "58": {
        "$type": "number",
        "$value": 58,
        "$description": "",
        "$extensions": {
          "com.figma": {
            "hiddenFromPublishing": true,
            "scopes": [
              "FONT_SIZE"
            ],
            "codeSyntax": {}
          }
        }
      },
      "65": {
        "$type": "number",
        "$value": 65,
        "$description": "",
        "$extensions": {
          "com.figma": {
            "hiddenFromPublishing": true,
            "scopes": [
              "FONT_SIZE"
            ],
            "codeSyntax": {}
          }
        }
      },
      "73": {
        "$type": "number",
        "$value": 73,
        "$description": "",
        "$extensions": {
          "com.figma": {
            "hiddenFromPublishing": true,
            "scopes": [
              "FONT_SIZE"
            ],
            "codeSyntax": {}
          }
        }
      },
      "82": {
        "$type": "number",
        "$value": 82,
        "$description": "",
        "$extensions": {
          "com.figma": {
            "hiddenFromPublishing": true,
            "scopes": [
              "FONT_SIZE"
            ],
            "codeSyntax": {}
          }
        }
      }
    },
    "letter-spacing": {
      "0": {
        "$type": "number",
        "$value": 0,
        "$description": "",
        "$extensions": {
          "com.figma": {
            "hiddenFromPublishing": true,
            "scopes": [],
            "codeSyntax": {}
          }
        }
      },
      "2": {
        "$type": "number",
        "$value": 2,
        "$description": "",
        "$extensions": {
          "com.figma": {
            "hiddenFromPublishing": true,
            "scopes": [],
            "codeSyntax": {}
          }
        }
      },
      "minus-2": {
        "$type": "number",
        "$value": -2,
        "$description": "",
        "$extensions": {
          "com.figma": {
            "hiddenFromPublishing": true,
            "scopes": [],
            "codeSyntax": {}
          }
        }
      },
      "minus-1-half": {
        "$type": "number",
        "$value": -1.5,
        "$description": "",
        "$extensions": {
          "com.figma": {
            "hiddenFromPublishing": true,
            "scopes": [],
            "codeSyntax": {}
          }
        }
      },
      "minus-1": {
        "$type": "number",
        "$value": -1,
        "$description": "",
        "$extensions": {
          "com.figma": {
            "hiddenFromPublishing": true,
            "scopes": [],
            "codeSyntax": {}
          }
        }
      },
      "minus-half": {
        "$type": "number",
        "$value": -0.5,
        "$description": "",
        "$extensions": {
          "com.figma": {
            "hiddenFromPublishing": true,
            "scopes": [],
            "codeSyntax": {}
          }
        }
      },
      "half": {
        "$type": "number",
        "$value": 0.5,
        "$description": "",
        "$extensions": {
          "com.figma": {
            "hiddenFromPublishing": true,
            "scopes": [],
            "codeSyntax": {}
          }
        }
      }
    },
    "line-height": {
      "12": {
        "$type": "number",
        "$value": 12,
        "$description": "",
        "$extensions": {
          "com.figma": {
            "hiddenFromPublishing": true,
            "scopes": [
              "LINE_HEIGHT"
            ],
            "codeSyntax": {}
          }
        }
      },
      "14": {
        "$type": "number",
        "$value": 14,
        "$description": "",
        "$extensions": {
          "com.figma": {
            "hiddenFromPublishing": true,
            "scopes": [
              "LINE_HEIGHT"
            ],
            "codeSyntax": {}
          }
        }
      },
      "16": {
        "$type": "number",
        "$value": 16,
        "$description": "",
        "$extensions": {
          "com.figma": {
            "hiddenFromPublishing": true,
            "scopes": [
              "LINE_HEIGHT"
            ],
            "codeSyntax": {}
          }
        }
      },
      "20": {
        "$type": "number",
        "$value": 20,
        "$description": "",
        "$extensions": {
          "com.figma": {
            "hiddenFromPublishing": true,
            "scopes": [
              "LINE_HEIGHT"
            ],
            "codeSyntax": {}
          }
        }
      },
      "22": {
        "$type": "number",
        "$value": 22,
        "$description": "",
        "$extensions": {
          "com.figma": {
            "hiddenFromPublishing": true,
            "scopes": [
              "LINE_HEIGHT"
            ],
            "codeSyntax": {}
          }
        }
      },
      "24": {
        "$type": "number",
        "$value": 24,
        "$description": "",
        "$extensions": {
          "com.figma": {
            "hiddenFromPublishing": true,
            "scopes": [
              "LINE_HEIGHT"
            ],
            "codeSyntax": {}
          }
        }
      },
      "26": {
        "$type": "number",
        "$value": 26,
        "$description": "",
        "$extensions": {
          "com.figma": {
            "hiddenFromPublishing": true,
            "scopes": [
              "LINE_HEIGHT"
            ],
            "codeSyntax": {}
          }
        }
      },
      "30": {
        "$type": "number",
        "$value": 30,
        "$description": "",
        "$extensions": {
          "com.figma": {
            "hiddenFromPublishing": true,
            "scopes": [
              "LINE_HEIGHT"
            ],
            "codeSyntax": {}
          }
        }
      },
      "32": {
        "$type": "number",
        "$value": 32,
        "$description": "",
        "$extensions": {
          "com.figma": {
            "hiddenFromPublishing": true,
            "scopes": [
              "LINE_HEIGHT"
            ],
            "codeSyntax": {}
          }
        }
      },
      "36": {
        "$type": "number",
        "$value": 36,
        "$description": "",
        "$extensions": {
          "com.figma": {
            "hiddenFromPublishing": true,
            "scopes": [
              "LINE_HEIGHT"
            ],
            "codeSyntax": {}
          }
        }
      },
      "42": {
        "$type": "number",
        "$value": 42,
        "$description": "",
        "$extensions": {
          "com.figma": {
            "hiddenFromPublishing": true,
            "scopes": [
              "LINE_HEIGHT"
            ],
            "codeSyntax": {}
          }
        }
      },
      "46": {
        "$type": "number",
        "$value": 46,
        "$description": "",
        "$extensions": {
          "com.figma": {
            "hiddenFromPublishing": true,
            "scopes": [
              "LINE_HEIGHT"
            ],
            "codeSyntax": {}
          }
        }
      },
      "52": {
        "$type": "number",
        "$value": 52,
        "$description": "",
        "$extensions": {
          "com.figma": {
            "hiddenFromPublishing": true,
            "scopes": [
              "LINE_HEIGHT"
            ],
            "codeSyntax": {}
          }
        }
      },
      "54": {
        "$type": "number",
        "$value": 54,
        "$description": "",
        "$extensions": {
          "com.figma": {
            "hiddenFromPublishing": true,
            "scopes": [
              "LINE_HEIGHT"
            ],
            "codeSyntax": {}
          }
        }
      },
      "58": {
        "$type": "number",
        "$value": 58,
        "$description": "",
        "$extensions": {
          "com.figma": {
            "hiddenFromPublishing": true,
            "scopes": [
              "LINE_HEIGHT"
            ],
            "codeSyntax": {}
          }
        }
      },
      "66": {
        "$type": "number",
        "$value": 66,
        "$description": "",
        "$extensions": {
          "com.figma": {
            "hiddenFromPublishing": true,
            "scopes": [
              "LINE_HEIGHT"
            ],
            "codeSyntax": {}
          }
        }
      },
      "74": {
        "$type": "number",
        "$value": 74,
        "$description": "",
        "$extensions": {
          "com.figma": {
            "hiddenFromPublishing": true,
            "scopes": [
              "LINE_HEIGHT"
            ],
            "codeSyntax": {}
          }
        }
      },
      "84": {
        "$type": "number",
        "$value": 84,
        "$description": "",
        "$extensions": {
          "com.figma": {
            "hiddenFromPublishing": true,
            "scopes": [
              "LINE_HEIGHT"
            ],
            "codeSyntax": {}
          }
        }
      },
      "95": {
        "$type": "number",
        "$value": 95,
        "$description": "",
        "$extensions": {
          "com.figma": {
            "hiddenFromPublishing": true,
            "scopes": [
              "LINE_HEIGHT"
            ],
            "codeSyntax": {}
          }
        }
      }
    }
  }
}
