{
  "color": {
    "background": {
      "utility": {
        "error": {
          "$type": "color",
          "$value": "{color.red.900}",
          "$description": "",
          "$extensions": {
            "com.figma": {
              "hiddenFromPublishing": true,
              "scopes": [
                "ALL_SCOPES"
              ],
              "codeSyntax": {}
            }
          }
        },
        "error-knockout": {
          "$type": "color",
          "$value": "#FFFFFF",
          "$description": "Placeholder token: awaiting design definition for final value",
          "$extensions": {
            "com.figma": {
              "hiddenFromPublishing": true,
              "scopes": [
                "ALL_SCOPES"
              ],
              "codeSyntax": {}
            }
          }
        },
        "highlight": {
          "$type": "color",
          "$value": "#FFFFFF",
          "$description": "Placeholder token: awaiting design definition for final value",
          "$extensions": {
            "com.figma": {
              "hiddenFromPublishing": true,
              "scopes": [
                "ALL_SCOPES"
              ],
              "codeSyntax": {}
            }
          }
        },
        "highlight-knockout": {
          "$type": "color",
          "$value": "#FFFFFF",
          "$description": "Placeholder token: awaiting design definition for final value",
          "$extensions": {
            "com.figma": {
              "hiddenFromPublishing": true,
              "scopes": [
                "ALL_SCOPES"
              ],
              "codeSyntax": {}
            }
          }
        },
        "info": {
          "$type": "color",
          "$value": "#FFFFFF",
          "$description": "Placeholder token: awaiting design definition for final value",
          "$extensions": {
            "com.figma": {
              "hiddenFromPublishing": true,
              "scopes": [
                "ALL_SCOPES"
              ],
              "codeSyntax": {}
            }
          }
        },
        "info-knockout": {
          "$type": "color",
          "$value": "#FFFFFF",
          "$description": "Placeholder token: awaiting design definition for final value",
          "$extensions": {
            "com.figma": {
              "hiddenFromPublishing": true,
              "scopes": [
                "ALL_SCOPES"
              ],
              "codeSyntax": {}
            }
          }
        },
        "success": {
          "$type": "color",
          "$value": "#FFFFFF",
          "$description": "Placeholder token: awaiting design definition for final value",
          "$extensions": {
            "com.figma": {
              "hiddenFromPublishing": true,
              "scopes": [
                "ALL_SCOPES"
              ],
              "codeSyntax": {}
            }
          }
        },
        "success-knockout": {
          "$type": "color",
          "$value": "#FFFFFF",
          "$description": "Placeholder token: awaiting design definition for final value",
          "$extensions": {
            "com.figma": {
              "hiddenFromPublishing": true,
              "scopes": [
                "ALL_SCOPES"
              ],
              "codeSyntax": {}
            }
          }
        },
        "warning": {
          "$type": "color",
          "$value": "#FFFFFF",
          "$description": "Placeholder token: awaiting design definition for final value",
          "$extensions": {
            "com.figma": {
              "hiddenFromPublishing": true,
              "scopes": [
                "ALL_SCOPES"
              ],
              "codeSyntax": {}
            }
          }
        },
        "warning-knockout": {
          "$type": "color",
          "$value": "#FFFFFF",
          "$description": "Placeholder token: awaiting design definition for final value",
          "$extensions": {
            "com.figma": {
              "hiddenFromPublishing": true,
              "scopes": [
                "ALL_SCOPES"
              ],
              "codeSyntax": {}
            }
          }
        }
      },
      "default": {
        "$type": "color",
        "$value": "{color.gray.25}",
        "$description": "",
        "$extensions": {
          "com.figma": {
            "hiddenFromPublishing": true,
            "scopes": [
              "ALL_SCOPES"
            ],
            "codeSyntax": {}
          }
        }
      },
      "default-hover": {
        "$type": "color",
        "$value": "{color.gray.25}",
        "$description": "",
        "$extensions": {
          "com.figma": {
            "hiddenFromPublishing": true,
            "scopes": [
              "ALL_SCOPES"
            ],
            "codeSyntax": {}
          }
        }
      },
      "subtle": {
        "$type": "color",
        "$value": "{color.gray.50}",
        "$description": "",
        "$extensions": {
          "com.figma": {
            "hiddenFromPublishing": true,
            "scopes": [
              "ALL_SCOPES"
            ],
            "codeSyntax": {}
          }
        }
      },
      "subtle-hover": {
        "$type": "color",
        "$value": "{color.gray.50}",
        "$description": "Placeholder token: awaiting design definition for final value",
        "$extensions": {
          "com.figma": {
            "hiddenFromPublishing": true,
            "scopes": [
              "ALL_SCOPES"
            ],
            "codeSyntax": {}
          }
        }
      },
      "knockout": {
        "$type": "color",
        "$value": "{color.gray.25}",
        "$description": "Placeholder token: awaiting design definition for final value",
        "$extensions": {
          "com.figma": {
            "hiddenFromPublishing": true,
            "scopes": [
              "ALL_SCOPES"
            ],
            "codeSyntax": {}
          }
        }
      },
      "brand": {
        "$type": "color",
        "$value": "{color.brand.adobe-red}",
        "$description": "Placeholder token: awaiting design definition for final value",
        "$extensions": {
          "com.figma": {
            "hiddenFromPublishing": true,
            "scopes": [
              "ALL_SCOPES"
            ],
            "codeSyntax": {}
          }
        }
      }
    },
    "border": {
      "utility": {
        "error": {
          "$type": "color",
          "$value": "{color.red.900}",
          "$description": "Placeholder token: awaiting design definition for final value",
          "$extensions": {
            "com.figma": {
              "hiddenFromPublishing": true,
              "scopes": [
                "ALL_SCOPES"
              ],
              "codeSyntax": {}
            }
          }
        }
      },
      "default": {
        "$type": "color",
        "$value": "{color.gray.1000}",
        "$description": "Placeholder token: awaiting design definition for final value",
        "$extensions": {
          "com.figma": {
            "hiddenFromPublishing": true,
            "scopes": [
              "ALL_SCOPES"
            ],
            "codeSyntax": {}
          }
        }
      },
      "default-hover": {
        "$type": "color",
        "$value": "{color.gray.900}",
        "$description": "Placeholder token: awaiting design definition for final value",
        "$extensions": {
          "com.figma": {
            "hiddenFromPublishing": true,
            "scopes": [
              "ALL_SCOPES"
            ],
            "codeSyntax": {}
          }
        }
      },
      "subtle": {
        "$type": "color",
        "$value": "{color.gray.300}",
        "$description": "Placeholder token: awaiting design definition for final value",
        "$extensions": {
          "com.figma": {
            "hiddenFromPublishing": true,
            "scopes": [
              "ALL_SCOPES"
            ],
            "codeSyntax": {}
          }
        }
      },
      "subtle-hover": {
        "$type": "color",
        "$value": "{color.gray.400}",
        "$description": "Placeholder token: awaiting design definition for final value",
        "$extensions": {
          "com.figma": {
            "hiddenFromPublishing": true,
            "scopes": [
              "ALL_SCOPES"
            ],
            "codeSyntax": {}
          }
        }
      },
      "knockout": {
        "$type": "color",
        "$value": "{color.gray.1000}",
        "$description": "Placeholder token: awaiting design definition for final value",
        "$extensions": {
          "com.figma": {
            "hiddenFromPublishing": true,
            "scopes": [
              "ALL_SCOPES"
            ],
            "codeSyntax": {}
          }
        }
      },
      "brand": {
        "$type": "color",
        "$value": "{color.brand.adobe-red}",
        "$description": "Placeholder token: awaiting design definition for final value",
        "$extensions": {
          "com.figma": {
            "hiddenFromPublishing": true,
            "scopes": [
              "ALL_SCOPES"
            ],
            "codeSyntax": {}
          }
        }
      },
      "disabled": {
        "$type": "color",
        "$value": "{color.gray.400}",
        "$description": "Placeholder token: awaiting design definition for final value",
        "$extensions": {
          "com.figma": {
            "hiddenFromPublishing": true,
            "scopes": [
              "ALL_SCOPES"
            ],
            "codeSyntax": {}
          }
        }
      }
    },
    "content": {
      "utility": {
        "error": {
          "$type": "color",
          "$value": "{color.red.900}",
          "$description": "",
          "$extensions": {
            "com.figma": {
              "hiddenFromPublishing": true,
              "scopes": [
                "ALL_SCOPES"
              ],
              "codeSyntax": {}
            }
          }
        }
      },
      "default": {
        "$type": "color",
        "$value": "{color.gray.800}",
        "$description": "Placeholder token: awaiting design definition for final value",
        "$extensions": {
          "com.figma": {
            "hiddenFromPublishing": true,
            "scopes": [
              "ALL_SCOPES"
            ],
            "codeSyntax": {}
          }
        }
      },
      "default-hover": {
        "$type": "color",
        "$value": "{color.gray.900}",
        "$description": "",
        "$extensions": {
          "com.figma": {
            "hiddenFromPublishing": true,
            "scopes": [
              "ALL_SCOPES"
            ],
            "codeSyntax": {}
          }
        }
      },
      "subtle": {
        "$type": "color",
        "$value": "{color.gray.50}",
        "$description": "",
        "$extensions": {
          "com.figma": {
            "hiddenFromPublishing": true,
            "scopes": [
              "ALL_SCOPES"
            ],
            "codeSyntax": {}
          }
        }
      },
      "subtle-hover": {
        "$type": "color",
        "$value": "{color.gray.75}",
        "$description": "",
        "$extensions": {
          "com.figma": {
            "hiddenFromPublishing": true,
            "scopes": [
              "ALL_SCOPES"
            ],
            "codeSyntax": {}
          }
        }
      },
      "strong": {
        "$type": "color",
        "$value": "{color.gray.900}",
        "$description": "",
        "$extensions": {
          "com.figma": {
            "hiddenFromPublishing": true,
            "scopes": [
              "ALL_SCOPES"
            ],
            "codeSyntax": {}
          }
        }
      },
      "knockout": {
        "$type": "color",
        "$value": "{color.gray.1000}",
        "$description": "",
        "$extensions": {
          "com.figma": {
            "hiddenFromPublishing": true,
            "scopes": [
              "ALL_SCOPES"
            ],
            "codeSyntax": {}
          }
        }
      },
      "brand": {
        "$type": "color",
        "$value": "{color.brand.adobe-red}",
        "$description": "",
        "$extensions": {
          "com.figma": {
            "hiddenFromPublishing": true,
            "scopes": [
              "ALL_SCOPES"
            ],
            "codeSyntax": {}
          }
        }
      },
      "disabled": {
        "$type": "color",
        "$value": "{color.gray.400}",
        "$description": "",
        "$extensions": {
          "com.figma": {
            "hiddenFromPublishing": true,
            "scopes": [
              "ALL_SCOPES"
            ],
            "codeSyntax": {}
          }
        }
      }
    }
  }
}
