{
  "border": {
    "radius": {
      "none": {
        "$type": "number",
        "$value": "{border.radius.0}",
        "$description": "",
        "$extensions": {
          "com.figma": {
            "hiddenFromPublishing": false,
            "scopes": [
              "ALL_SCOPES"
            ],
            "codeSyntax": {}
          }
        }
      },
      "2xs": {
        "$type": "number",
        "$value": "{border.radius.2}",
        "$description": "",
        "$extensions": {
          "com.figma": {
            "hiddenFromPublishing": true,
            "scopes": [
              "CORNER_RADIUS"
            ],
            "codeSyntax": {}
          }
        }
      },
      "xs": {
        "$type": "number",
        "$value": "{border.radius.4}",
        "$description": "",
        "$extensions": {
          "com.figma": {
            "hiddenFromPublishing": true,
            "scopes": [
              "CORNER_RADIUS"
            ],
            "codeSyntax": {}
          }
        }
      },
      "sm": {
        "$type": "number",
        "$value": "{border.radius.8}",
        "$description": "",
        "$extensions": {
          "com.figma": {
            "hiddenFromPublishing": true,
            "scopes": [
              "CORNER_RADIUS"
            ],
            "codeSyntax": {}
          }
        }
      },
      "md": {
        "$type": "number",
        "$value": "{border.radius.16}",
        "$description": "",
        "$extensions": {
          "com.figma": {
            "hiddenFromPublishing": true,
            "scopes": [
              "CORNER_RADIUS"
            ],
            "codeSyntax": {}
          }
        }
      },
      "lg": {
        "$type": "number",
        "$value": "{border.radius.32}",
        "$description": "",
        "$extensions": {
          "com.figma": {
            "hiddenFromPublishing": true,
            "scopes": [
              "CORNER_RADIUS"
            ],
            "codeSyntax": {}
          }
        }
      },
      "full": {
        "$type": "number",
        "$value": "{border.radius.round}",
        "$description": "",
        "$extensions": {
          "com.figma": {
            "hiddenFromPublishing": true,
            "scopes": [
              "CORNER_RADIUS"
            ],
            "codeSyntax": {}
          }
        }
      }
    },
    "width": {
      "sm": {
        "$type": "number",
        "$value": "{border.width.1}",
        "$description": "",
        "$extensions": {
          "com.figma": {
            "hiddenFromPublishing": true,
            "scopes": [
              "STROKE_FLOAT"
            ],
            "codeSyntax": {}
          }
        }
      },
      "md": {
        "$type": "number",
        "$value": "{border.width.2}",
        "$description": "",
        "$extensions": {
          "com.figma": {
            "hiddenFromPublishing": true,
            "scopes": [
              "STROKE_FLOAT"
            ],
            "codeSyntax": {}
          }
        }
      },
      "lg": {
        "$type": "number",
        "$value": "{border.width.4}",
        "$description": "",
        "$extensions": {
          "com.figma": {
            "hiddenFromPublishing": true,
            "scopes": [
              "STROKE_FLOAT"
            ],
            "codeSyntax": {}
          }
        }
      },
      "xl": {
        "$type": "number",
        "$value": "{border.width.8}",
        "$description": "",
        "$extensions": {
          "com.figma": {
            "hiddenFromPublishing": true,
            "scopes": [
              "STROKE_FLOAT"
            ],
            "codeSyntax": {}
          }
        }
      }
    }
  },
  "opacity": {
    "disabled": {
      "$type": "number",
      "$value": "{opacity.48}",
      "$description": "",
      "$extensions": {
        "com.figma": {
          "hiddenFromPublishing": false,
          "scopes": [
            "ALL_SCOPES"
          ],
          "codeSyntax": {}
        }
      }
    }
  },
  "spacing": {
    "none": {
      "$type": "number",
      "$value": "{spacing.0}",
      "$description": "",
      "$extensions": {
        "com.figma": {
          "hiddenFromPublishing": true,
          "scopes": [
            "TEXT_CONTENT",
            "GAP"
          ],
          "codeSyntax": {}
        }
      }
    },
    "3xs": {
      "$type": "number",
      "$value": "{spacing.2}",
      "$description": "",
      "$extensions": {
        "com.figma": {
          "hiddenFromPublishing": true,
          "scopes": [
            "TEXT_CONTENT",
            "GAP"
          ],
          "codeSyntax": {}
        }
      }
    },
    "2xs": {
      "$type": "number",
      "$value": "{spacing.4}",
      "$description": "",
      "$extensions": {
        "com.figma": {
          "hiddenFromPublishing": true,
          "scopes": [
            "TEXT_CONTENT",
            "GAP"
          ],
          "codeSyntax": {}
        }
      }
    },
    "xs": {
      "$type": "number",
      "$value": "{spacing.8}",
      "$description": "",
      "$extensions": {
        "com.figma": {
          "hiddenFromPublishing": true,
          "scopes": [
            "TEXT_CONTENT",
            "GAP"
          ],
          "codeSyntax": {}
        }
      }
    },
    "sm": {
      "$type": "number",
      "$value": "{spacing.12}",
      "$description": "",
      "$extensions": {
        "com.figma": {
          "hiddenFromPublishing": true,
          "scopes": [
            "TEXT_CONTENT",
            "GAP"
          ],
          "codeSyntax": {}
        }
      }
    },
    "md": {
      "$type": "number",
      "$value": "{spacing.16}",
      "$description": "",
      "$extensions": {
        "com.figma": {
          "hiddenFromPublishing": true,
          "scopes": [
            "TEXT_CONTENT",
            "GAP"
          ],
          "codeSyntax": {}
        }
      }
    },
    "lg": {
      "$type": "number",
      "$value": "{spacing.24}",
      "$description": "",
      "$extensions": {
        "com.figma": {
          "hiddenFromPublishing": true,
          "scopes": [
            "TEXT_CONTENT",
            "GAP"
          ],
          "codeSyntax": {}
        }
      }
    },
    "xl": {
      "$type": "number",
      "$value": "{spacing.32}",
      "$description": "",
      "$extensions": {
        "com.figma": {
          "hiddenFromPublishing": true,
          "scopes": [
            "TEXT_CONTENT",
            "GAP"
          ],
          "codeSyntax": {}
        }
      }
    },
    "2xl": {
      "$type": "number",
      "$value": "{spacing.40}",
      "$description": "",
      "$extensions": {
        "com.figma": {
          "hiddenFromPublishing": true,
          "scopes": [
            "TEXT_CONTENT",
            "GAP"
          ],
          "codeSyntax": {}
        }
      }
    },
    "3xl": {
      "$type": "number",
      "$value": "{spacing.48}",
      "$description": "",
      "$extensions": {
        "com.figma": {
          "hiddenFromPublishing": true,
          "scopes": [
            "TEXT_CONTENT",
            "GAP"
          ],
          "codeSyntax": {}
        }
      }
    },
    "4xl": {
      "$type": "number",
      "$value": "{spacing.64}",
      "$description": "",
      "$extensions": {
        "com.figma": {
          "hiddenFromPublishing": true,
          "scopes": [
            "TEXT_CONTENT",
            "GAP"
          ],
          "codeSyntax": {}
        }
      }
    },
    "5xl": {
      "$type": "number",
      "$value": "{spacing.80}",
      "$description": "",
      "$extensions": {
        "com.figma": {
          "hiddenFromPublishing": true,
          "scopes": [
            "TEXT_CONTENT",
            "GAP"
          ],
          "codeSyntax": {}
        }
      }
    },
    "6xl": {
      "$type": "number",
      "$value": "{spacing.96}",
      "$description": "",
      "$extensions": {
        "com.figma": {
          "hiddenFromPublishing": true,
          "scopes": [
            "TEXT_CONTENT",
            "GAP"
          ],
          "codeSyntax": {}
        }
      }
    },
    "7xl": {
      "$type": "number",
      "$value": "{spacing.104}",
      "$description": "",
      "$extensions": {
        "com.figma": {
          "hiddenFromPublishing": true,
          "scopes": [
            "TEXT_CONTENT",
            "GAP"
          ],
          "codeSyntax": {}
        }
      }
    }
  },
  "typography": {
    "font-family": {
      "default": {
        "$type": "string",
        "$value": "Adobe Clean",
        "$description": "",
        "$extensions": {
          "com.figma": {
            "hiddenFromPublishing": true,
            "scopes": [
              "FONT_FAMILY"
            ],
            "codeSyntax": {}
          }
        }
      }
    },
    "font-size": {
      "3xs": {
        "$type": "number",
        "$value": 10,
        "$description": "",
        "$extensions": {
          "com.figma": {
            "hiddenFromPublishing": true,
            "scopes": [
              "FONT_SIZE"
            ],
            "codeSyntax": {}
          }
        }
      },
      "2xs": {
        "$type": "number",
        "$value": 11,
        "$description": "",
        "$extensions": {
          "com.figma": {
            "hiddenFromPublishing": true,
            "scopes": [
              "FONT_SIZE"
            ],
            "codeSyntax": {}
          }
        }
      },
      "xs": {
        "$type": "number",
        "$value": 12,
        "$description": "",
        "$extensions": {
          "com.figma": {
            "hiddenFromPublishing": true,
            "scopes": [
              "FONT_SIZE"
            ],
            "codeSyntax": {}
          }
        }
      },
      "sm": {
        "$type": "number",
        "$value": 14,
        "$description": "",
        "$extensions": {
          "com.figma": {
            "hiddenFromPublishing": true,
            "scopes": [
              "FONT_SIZE"
            ],
            "codeSyntax": {}
          }
        }
      },
      "md": {
        "$type": "number",
        "$value": 16,
        "$description": "",
        "$extensions": {
          "com.figma": {
            "hiddenFromPublishing": true,
            "scopes": [
              "FONT_SIZE"
            ],
            "codeSyntax": {}
          }
        }
      },
      "lg": {
        "$type": "number",
        "$value": 18,
        "$description": "",
        "$extensions": {
          "com.figma": {
            "hiddenFromPublishing": true,
            "scopes": [
              "FONT_SIZE"
            ],
            "codeSyntax": {}
          }
        }
      },
      "xl": {
        "$type": "number",
        "$value": 20,
        "$description": "",
        "$extensions": {
          "com.figma": {
            "hiddenFromPublishing": true,
            "scopes": [
              "FONT_SIZE"
            ],
            "codeSyntax": {}
          }
        }
      },
      "2xl": {
        "$type": "number",
        "$value": 22,
        "$description": "",
        "$extensions": {
          "com.figma": {
            "hiddenFromPublishing": true,
            "scopes": [
              "FONT_SIZE"
            ],
            "codeSyntax": {}
          }
        }
      },
      "3xl": {
        "$type": "number",
        "$value": 25,
        "$description": "",
        "$extensions": {
          "com.figma": {
            "hiddenFromPublishing": true,
            "scopes": [
              "FONT_SIZE"
            ],
            "codeSyntax": {}
          }
        }
      },
      "4xl": {
        "$type": "number",
        "$value": 28,
        "$description": "",
        "$extensions": {
          "com.figma": {
            "hiddenFromPublishing": true,
            "scopes": [
              "FONT_SIZE"
            ],
            "codeSyntax": {}
          }
        }
      },
      "5xl": {
        "$type": "number",
        "$value": 32,
        "$description": "",
        "$extensions": {
          "com.figma": {
            "hiddenFromPublishing": true,
            "scopes": [
              "FONT_SIZE"
            ],
            "codeSyntax": {}
          }
        }
      },
      "6xl": {
        "$type": "number",
        "$value": 36,
        "$description": "",
        "$extensions": {
          "com.figma": {
            "hiddenFromPublishing": true,
            "scopes": [
              "FONT_SIZE"
            ],
            "codeSyntax": {}
          }
        }
      },
      "7xl": {
        "$type": "number",
        "$value": 40,
        "$description": "",
        "$extensions": {
          "com.figma": {
            "hiddenFromPublishing": true,
            "scopes": [
              "FONT_SIZE"
            ],
            "codeSyntax": {}
          }
        }
      },
      "8xl": {
        "$type": "number",
        "$value": 45,
        "$description": "",
        "$extensions": {
          "com.figma": {
            "hiddenFromPublishing": true,
            "scopes": [
              "FONT_SIZE"
            ],
            "codeSyntax": {}
          }
        }
      },
      "9xl": {
        "$type": "number",
        "$value": 48,
        "$description": "",
        "$extensions": {
          "com.figma": {
            "hiddenFromPublishing": true,
            "scopes": [
              "FONT_SIZE"
            ],
            "codeSyntax": {}
          }
        }
      },
      "10xl": {
        "$type": "number",
        "$value": 51,
        "$description": "",
        "$extensions": {
          "com.figma": {
            "hiddenFromPublishing": true,
            "scopes": [
              "FONT_SIZE"
            ],
            "codeSyntax": {}
          }
        }
      },
      "11xl": {
        "$type": "number",
        "$value": 58,
        "$description": "",
        "$extensions": {
          "com.figma": {
            "hiddenFromPublishing": true,
            "scopes": [
              "FONT_SIZE"
            ],
            "codeSyntax": {}
          }
        }
      },
      "12xl": {
        "$type": "number",
        "$value": 65,
        "$description": "",
        "$extensions": {
          "com.figma": {
            "hiddenFromPublishing": true,
            "scopes": [
              "FONT_SIZE"
            ],
            "codeSyntax": {}
          }
        }
      },
      "13xl": {
        "$type": "number",
        "$value": 73,
        "$description": "",
        "$extensions": {
          "com.figma": {
            "hiddenFromPublishing": true,
            "scopes": [
              "FONT_SIZE"
            ],
            "codeSyntax": {}
          }
        }
      },
      "14xl": {
        "$type": "number",
        "$value": 82,
        "$description": "",
        "$extensions": {
          "com.figma": {
            "hiddenFromPublishing": true,
            "scopes": [
              "FONT_SIZE"
            ],
            "codeSyntax": {}
          }
        }
      }
    },
    "line-height": {
      "3xs": {
        "$type": "number",
        "$value": 12,
        "$description": "",
        "$extensions": {
          "com.figma": {
            "hiddenFromPublishing": true,
            "scopes": [
              "LINE_HEIGHT"
            ],
            "codeSyntax": {}
          }
        }
      },
      "2xs": {
        "$type": "number",
        "$value": 14,
        "$description": "",
        "$extensions": {
          "com.figma": {
            "hiddenFromPublishing": true,
            "scopes": [
              "LINE_HEIGHT"
            ],
            "codeSyntax": {}
          }
        }
      },
      "xs": {
        "$type": "number",
        "$value": 16,
        "$description": "",
        "$extensions": {
          "com.figma": {
            "hiddenFromPublishing": true,
            "scopes": [
              "LINE_HEIGHT"
            ],
            "codeSyntax": {}
          }
        }
      },
      "sm": {
        "$type": "number",
        "$value": 18,
        "$description": "",
        "$extensions": {
          "com.figma": {
            "hiddenFromPublishing": true,
            "scopes": [
              "LINE_HEIGHT"
            ],
            "codeSyntax": {}
          }
        }
      },
      "md": {
        "$type": "number",
        "$value": 20,
        "$description": "",
        "$extensions": {
          "com.figma": {
            "hiddenFromPublishing": true,
            "scopes": [
              "LINE_HEIGHT"
            ],
            "codeSyntax": {}
          }
        }
      },
      "lg": {
        "$type": "number",
        "$value": 22,
        "$description": "",
        "$extensions": {
          "com.figma": {
            "hiddenFromPublishing": true,
            "scopes": [
              "LINE_HEIGHT"
            ],
            "codeSyntax": {}
          }
        }
      },
      "xl": {
        "$type": "number",
        "$value": 24,
        "$description": "",
        "$extensions": {
          "com.figma": {
            "hiddenFromPublishing": true,
            "scopes": [
              "LINE_HEIGHT"
            ],
            "codeSyntax": {}
          }
        }
      },
      "2xl": {
        "$type": "number",
        "$value": 26,
        "$description": "",
        "$extensions": {
          "com.figma": {
            "hiddenFromPublishing": true,
            "scopes": [
              "LINE_HEIGHT"
            ],
            "codeSyntax": {}
          }
        }
      },
      "3xl": {
        "$type": "number",
        "$value": 30,
        "$description": "",
        "$extensions": {
          "com.figma": {
            "hiddenFromPublishing": true,
            "scopes": [
              "LINE_HEIGHT"
            ],
            "codeSyntax": {}
          }
        }
      },
      "4xl": {
        "$type": "number",
        "$value": 32,
        "$description": "",
        "$extensions": {
          "com.figma": {
            "hiddenFromPublishing": true,
            "scopes": [
              "LINE_HEIGHT"
            ],
            "codeSyntax": {}
          }
        }
      },
      "5xl": {
        "$type": "number",
        "$value": 36,
        "$description": "",
        "$extensions": {
          "com.figma": {
            "hiddenFromPublishing": true,
            "scopes": [
              "LINE_HEIGHT"
            ],
            "codeSyntax": {}
          }
        }
      },
      "6xl": {
        "$type": "number",
        "$value": 42,
        "$description": "",
        "$extensions": {
          "com.figma": {
            "hiddenFromPublishing": true,
            "scopes": [
              "LINE_HEIGHT"
            ],
            "codeSyntax": {}
          }
        }
      },
      "7xl": {
        "$type": "number",
        "$value": 46,
        "$description": "",
        "$extensions": {
          "com.figma": {
            "hiddenFromPublishing": true,
            "scopes": [
              "LINE_HEIGHT"
            ],
            "codeSyntax": {}
          }
        }
      },
      "8xl": {
        "$type": "number",
        "$value": 52,
        "$description": "",
        "$extensions": {
          "com.figma": {
            "hiddenFromPublishing": true,
            "scopes": [
              "LINE_HEIGHT"
            ],
            "codeSyntax": {}
          }
        }
      },
      "9xl": {
        "$type": "number",
        "$value": 54,
        "$description": "",
        "$extensions": {
          "com.figma": {
            "hiddenFromPublishing": true,
            "scopes": [
              "LINE_HEIGHT"
            ],
            "codeSyntax": {}
          }
        }
      },
      "10xl": {
        "$type": "number",
        "$value": 58,
        "$description": "",
        "$extensions": {
          "com.figma": {
            "hiddenFromPublishing": true,
            "scopes": [
              "LINE_HEIGHT"
            ],
            "codeSyntax": {}
          }
        }
      },
      "11xl": {
        "$type": "number",
        "$value": 66,
        "$description": "",
        "$extensions": {
          "com.figma": {
            "hiddenFromPublishing": true,
            "scopes": [
              "LINE_HEIGHT"
            ],
            "codeSyntax": {}
          }
        }
      },
      "12xl": {
        "$type": "number",
        "$value": 74,
        "$description": "",
        "$extensions": {
          "com.figma": {
            "hiddenFromPublishing": true,
            "scopes": [
              "LINE_HEIGHT"
            ],
            "codeSyntax": {}
          }
        }
      },
      "13xl": {
        "$type": "number",
        "$value": 84,
        "$description": "",
        "$extensions": {
          "com.figma": {
            "hiddenFromPublishing": true,
            "scopes": [
              "LINE_HEIGHT"
            ],
            "codeSyntax": {}
          }
        }
      },
      "14xl": {
        "$type": "number",
        "$value": 95,
        "$description": "",
        "$extensions": {
          "com.figma": {
            "hiddenFromPublishing": true,
            "scopes": [
              "LINE_HEIGHT"
            ],
            "codeSyntax": {}
          }
        }
      }
    }
  },
  "color": {
    "brand": {
      "adobe-red": {
        "$type": "color",
        "$value": "#EB1000",
        "$description": "",
        "$extensions": {
          "com.figma": {
            "hiddenFromPublishing": false,
            "scopes": [
              "ALL_SCOPES"
            ],
            "codeSyntax": {}
          }
        }
      },
      "cc-3dar": {
        "$type": "color",
        "$value": "#99E83F",
        "$description": "",
        "$extensions": {
          "com.figma": {
            "hiddenFromPublishing": false,
            "scopes": [
              "ALL_SCOPES"
            ],
            "codeSyntax": {}
          }
        }
      },
      "cc-il": {
        "$type": "color",
        "$value": "#FF9A00",
        "$description": "",
        "$extensions": {
          "com.figma": {
            "hiddenFromPublishing": false,
            "scopes": [
              "ALL_SCOPES"
            ],
            "codeSyntax": {}
          }
        }
      },
      "cc-ppafx": {
        "$type": "color",
        "$value": "#9999FF",
        "$description": "",
        "$extensions": {
          "com.figma": {
            "hiddenFromPublishing": false,
            "scopes": [
              "ALL_SCOPES"
            ],
            "codeSyntax": {}
          }
        }
      },
      "cc-ps": {
        "$type": "color",
        "$value": "#3A18FF",
        "$description": "",
        "$extensions": {
          "com.figma": {
            "hiddenFromPublishing": false,
            "scopes": [
              "ALL_SCOPES"
            ],
            "codeSyntax": {}
          }
        }
      }
    }
  }
}
