{
  "border": {
    "radius": {
      "0": {
        "value": "0px"
      },
      "2": {
        "value": "2px"
      },
      "4": {
        "value": "4px"
      },
      "8": {
        "value": "8px"
      },
      "16": {
        "value": "16px"
      },
      "32": {
        "value": "32px"
      },
      "round": {
        "value": "999px"
      }
    },
    "width": {
      "1": {
        "value": "1px"
      },
      "2": {
        "value": "2px"
      },
      "4": {
        "value": "4px"
      },
      "8": {
        "value": "8px"
      }
    }
  }
}
