{
  "typography": {
    "font-size": {
      "2xs": {
        "value": "{typography.font-size.11}"
      },
      "xs": {
        "value": "{typography.font-size.13}"
      },
      "sm": {
        "value": "{typography.font-size.14}"
      },
      "md": {
        "value": "{typography.font-size.16}"
      },
      "lg": {
        "value": "{typography.font-size.18}"
      },
      "xl": {
        "value": "{typography.font-size.20}"
      },
      "2xl": {
        "value": "{typography.font-size.23}"
      },
      "3xl": {
        "value": "{typography.font-size.29}"
      },
      "4xl": {
        "value": "{typography.font-size.32}"
      },
      "5xl": {
        "value": "{typography.font-size.36}"
      },
      "6xl": {
        "value": "{typography.font-size.41}"
      },
      "7xl": {
        "value": "{typography.font-size.46}"
      },
      "8xl": {
        "value": "{typography.font-size.52}"
      },
      "9xl": {
        "value": "{typography.font-size.58}"
      },
      "10xl": {
        "value": "{typography.font-size.66}"
      },
      "11xl": {
        "value": "{typography.font-size.74}"
      },
      "12xl": {
        "value": "{typography.font-size.83}"
      }
    }
  }
}
