{
  "typography": {
    "line-height": {
      "2xs": {
        "value": "{typography.line-height.15}"
      },
      "xs": {
        "value": "{typography.line-height.19}"
      },
      "sm": {
        "value": "{typography.line-height.20}"
      },
      "md": {
        "value": "{typography.line-height.23}"
      },
      "lg": {
        "value": "{typography.line-height.27}"
      },
      "xl": {
        "value": "{typography.line-height.31}"
      },
      "2xl": {
        "value": "{typography.line-height.35}"
      },
      "3xl": {
        "value": "{typography.line-height.38}"
      },
      "4xl": {
        "value": "{typography.line-height.42}"
      },
      "5xl": {
        "value": "{typography.line-height.45}"
      },
      "6xl": {
        "value": "{typography.line-height.51}"
      },
      "7xl": {
        "value": "{typography.line-height.55}"
      },
      "8xl": {
        "value": "{typography.line-height.62}"
      },
      "9xl": {
        "value": "{typography.line-height.70}"
      },
      "10xl": {
        "value": "{typography.line-height.79}"
      },
      "11xl": {
        "value": "{typography.line-height.85}"
      },
      "12xl": {
        "value": "{typography.line-height.95}"
      }
    }
  }
}
