{
  "color": {
    "content-default": { "value": "{color.gray.800}" },
    "content-hover": { "value": "{color.gray.900}" },
    "content-focus": { "value": "{color.gray.900}" },
    "content-disabled": { "value": "{color.gray.400}" },

    "content-subdued-default": { "value": "{color.gray.700}" },
    "content-subdued-interactive": { "value": "{color.gray.800}" },
    "content-subdued-disabled": { "value": "{color.gray.400}" },
    "content-subdued-selected": { "value": "{color.gray.800}" },

    "background-base": { "value": "{color.gray.25}" },
    "background-elevated": { "value": "{color.gray.25}" },
    "background-layer-1": { "value": "{color.gray.50}" },
    "background-layer-2": { "value": "{color.gray.25}" },
    "background-pasteboard": { "value": "{color.gray.100}" },
    "background-disabled": { "value": "{color.gray.100}" },

    "background-accent-default": { "value": "{color.blue.900}" },
    "background-accent-interactive": { "value": "{color.blue.1000}" },
    "background-accent-disabled": { "value": "{color.gray.100}" },

    "background-negative-default": { "value": "{color.red.900}" },
    "background-negative-interactive": { "value": "{color.red.1000}" },
    "background-negative-disabled": { "value": "{color.gray.100}" },

    "background-neutral-default": { "value": "{color.gray.800}" },
    "background-neutral-interactive": { "value": "{color.gray.900}" },
    "background-neutral-disabled": { "value": "{color.gray.100}" },

    "background-primary-default": {
      "value": "{color.background-neutral-default}"
    },
    "background-primary-interactive": {
      "value": "{color.background-neutral-interactive}"
    },
    "background-primary-disabled": {
      "value": "{color.background-neutral-disabled}"
    },

    "background-outline-transparent": { "value": "rgba(0,0,0,0)" },
    "background-outline-subtle": { "value": "rgba(0,0,0,0.09)" },

    "background-secondary-transparent": { "value": "rgba(0,0,0,0.09)" },
    "background-secondary-subtle": { "value": "rgba(0,0,0,0.12)" },
    "background-secondary-disabled": { "value": "{color.background-disabled}" },

    "border-disabled": { "value": "{color.gray.300}" },
    "border-focus-indicator": { "value": "{color.blue.800}" },

    "border-accent-default": { "value": "{color.blue.900}" },
    "border-accent-interactive": { "value": "{color.blue.1000}" },
    "border-accent-disabled": { "value": "{color.gray.300}" },

    "border-primary-default": { "value": "{color.gray.800}" },
    "border-primary-interactive": { "value": "{color.gray.900}" },
    "border-primary-disabled": { "value": "{color.border-disabled}" },

    "border-secondary-default": { "value": "{color.gray.300}" },
    "border-secondary-interactive": { "value": "{color.gray.400}" },
    "border-secondary-disabled": { "value": "{color.gray.300}" },

    "divider-primary": { "value": "{color.gray.500}" },
    "divider-secondary": { "value": "{color.gray.400}" },

    "shadow-default": { "value": "rgba(0,0,0,0.12)" },
    "shadow-elevated": { "value": "rgba(0,0,0,0.16)" },
    "shadow-dragged": { "value": "rgba(0,0,0,0.20)" },

    "icon-default": { "value": "{color.content-default}" },
    "icon-interactive": { "value": "{color.content-hover}" },

    "link-default": { "value": "{color.blue.1000}" },
    "link-hover": { "value": "{color.blue.1100}" },

    "text-default": { "value": "{color.gray.800}" },
    "text-muted": { "value": "{color.gray.900}" }
  }
}
