{
  "border": {
    "radius": {
      "none": {
        "$type": "number",
        "$value": 0,
        "$extensions": {
          "com.figma.variableId": "VariableID:17135:56245",
          "com.figma.hiddenFromPublishing": true,
          "com.figma.scopes": [
            "ALL_SCOPES"
          ],
          "com.figma.aliasData": {
            "targetVariableId": "VariableID:5b71f8e0e87744e21ca5d747b1cb30f50f125c26/-1:-1",
            "targetVariableName": "border/radius/0",
            "targetVariableSetId": "VariableCollectionId:c429e3eaec67551a757335a356da6c60dd4d9453/-1:-1",
            "targetVariableSetName": "Primitives / Core"
          },
          "com.figma.isOverride": true
        }
      },
      "2xs": {
        "$type": "number",
        "$value": 2,
        "$extensions": {
          "com.figma.variableId": "VariableID:17135:56228",
          "com.figma.hiddenFromPublishing": true,
          "com.figma.scopes": [
            "CORNER_RADIUS"
          ],
          "com.figma.aliasData": {
            "targetVariableId": "VariableID:cc95f50c09af52c7b62da1c9d8b442d913b96ce8/82:193",
            "targetVariableName": "border/radius/2",
            "targetVariableSetId": "VariableCollectionId:433e182a0b86bf16dd1ed62dacdbd3d3d2025110/82:74",
            "targetVariableSetName": "Primitives (Core)"
          },
          "com.figma.isOverride": true
        }
      },
      "xs": {
        "$type": "number",
        "$value": 4,
        "$extensions": {
          "com.figma.variableId": "VariableID:17135:56188",
          "com.figma.hiddenFromPublishing": true,
          "com.figma.scopes": [
            "CORNER_RADIUS"
          ],
          "com.figma.aliasData": {
            "targetVariableId": "VariableID:354d30d3556856dbd5de87bc567823d5dd0b4a08/82:192",
            "targetVariableName": "border/radius/4",
            "targetVariableSetId": "VariableCollectionId:433e182a0b86bf16dd1ed62dacdbd3d3d2025110/82:74",
            "targetVariableSetName": "Primitives (Core)"
          },
          "com.figma.isOverride": true
        }
      },
      "sm": {
        "$type": "number",
        "$value": 8,
        "$extensions": {
          "com.figma.variableId": "VariableID:17135:56204",
          "com.figma.hiddenFromPublishing": true,
          "com.figma.scopes": [
            "CORNER_RADIUS"
          ],
          "com.figma.aliasData": {
            "targetVariableId": "VariableID:cdb9b75aad87038544d19a82b7813a590ac154fa/82:190",
            "targetVariableName": "border/radius/8",
            "targetVariableSetId": "VariableCollectionId:433e182a0b86bf16dd1ed62dacdbd3d3d2025110/82:74",
            "targetVariableSetName": "Primitives (Core)"
          },
          "com.figma.isOverride": true
        }
      },
      "md": {
        "$type": "number",
        "$value": 16,
        "$extensions": {
          "com.figma.variableId": "VariableID:17135:56189",
          "com.figma.hiddenFromPublishing": true,
          "com.figma.scopes": [
            "CORNER_RADIUS"
          ],
          "com.figma.aliasData": {
            "targetVariableId": "VariableID:0aa93fae76f26e55636bfe8b60ab4dae7db060fc/82:191",
            "targetVariableName": "border/radius/16",
            "targetVariableSetId": "VariableCollectionId:433e182a0b86bf16dd1ed62dacdbd3d3d2025110/82:74",
            "targetVariableSetName": "Primitives (Core)"
          },
          "com.figma.isOverride": true
        }
      },
      "lg": {
        "$type": "number",
        "$value": 32,
        "$extensions": {
          "com.figma.variableId": "VariableID:17135:56186",
          "com.figma.hiddenFromPublishing": true,
          "com.figma.scopes": [
            "CORNER_RADIUS"
          ],
          "com.figma.aliasData": {
            "targetVariableId": "VariableID:a71bed0ae403547e9f388248b1f429b918cc75de/82:189",
            "targetVariableName": "border/radius/32",
            "targetVariableSetId": "VariableCollectionId:433e182a0b86bf16dd1ed62dacdbd3d3d2025110/82:74",
            "targetVariableSetName": "Primitives (Core)"
          },
          "com.figma.isOverride": true
        }
      },
      "round": {
        "$type": "number",
        "$value": 999,
        "$extensions": {
          "com.figma.variableId": "VariableID:17135:56185",
          "com.figma.hiddenFromPublishing": true,
          "com.figma.scopes": [
            "CORNER_RADIUS"
          ],
          "com.figma.aliasData": {
            "targetVariableId": "VariableID:6760366ee8e40611ddcbe1c00b42841c3e15f88b/-1:-1",
            "targetVariableName": "border/radius/999",
            "targetVariableSetId": "VariableCollectionId:c429e3eaec67551a757335a356da6c60dd4d9453/-1:-1",
            "targetVariableSetName": "Primitives / Core"
          },
          "com.figma.isOverride": true
        }
      }
    },
    "width": {
      "sm": {
        "$type": "number",
        "$value": 1,
        "$extensions": {
          "com.figma.variableId": "VariableID:17135:56236",
          "com.figma.hiddenFromPublishing": true,
          "com.figma.scopes": [
            "STROKE_FLOAT"
          ],
          "com.figma.aliasData": {
            "targetVariableId": "VariableID:a0a0325548bd867ea15af196f8c793e0b70eb9ff/8749:307",
            "targetVariableName": "border/width/1",
            "targetVariableSetId": "VariableCollectionId:615453529a3e5f28b1a63fa69f5f3131a7400bb8/8335:3614",
            "targetVariableSetName": "2. Vanilla Tier 1"
          },
          "com.figma.isOverride": true
        }
      },
      "md": {
        "$type": "number",
        "$value": 2,
        "$extensions": {
          "com.figma.variableId": "VariableID:17135:56243",
          "com.figma.hiddenFromPublishing": true,
          "com.figma.scopes": [
            "STROKE_FLOAT"
          ],
          "com.figma.aliasData": {
            "targetVariableId": "VariableID:201cc3ddd1c55674a7c1295429f388429d377936/8749:324",
            "targetVariableName": "border/width/2",
            "targetVariableSetId": "VariableCollectionId:615453529a3e5f28b1a63fa69f5f3131a7400bb8/8335:3614",
            "targetVariableSetName": "2. Vanilla Tier 1"
          },
          "com.figma.isOverride": true
        }
      },
      "lg": {
        "$type": "number",
        "$value": 4,
        "$extensions": {
          "com.figma.variableId": "VariableID:17135:56220",
          "com.figma.hiddenFromPublishing": true,
          "com.figma.scopes": [
            "STROKE_FLOAT"
          ],
          "com.figma.aliasData": {
            "targetVariableId": "VariableID:6e61c1494b2e1d93147c2ef274cf2ca56b386df7/8749:353",
            "targetVariableName": "border/width/4",
            "targetVariableSetId": "VariableCollectionId:615453529a3e5f28b1a63fa69f5f3131a7400bb8/8335:3614",
            "targetVariableSetName": "2. Vanilla Tier 1"
          },
          "com.figma.isOverride": true
        }
      },
      "xl": {
        "$type": "number",
        "$value": 8,
        "$extensions": {
          "com.figma.variableId": "VariableID:17135:56242",
          "com.figma.hiddenFromPublishing": true,
          "com.figma.scopes": [
            "STROKE_FLOAT"
          ],
          "com.figma.aliasData": {
            "targetVariableId": "VariableID:644c571271a6ca7474d91c31c16703eed6a96339/8749:371",
            "targetVariableName": "border/width/8",
            "targetVariableSetId": "VariableCollectionId:615453529a3e5f28b1a63fa69f5f3131a7400bb8/8335:3614",
            "targetVariableSetName": "2. Vanilla Tier 1"
          },
          "com.figma.isOverride": true
        }
      }
    }
  },
  "opacity": {
    "disabled": {
      "$type": "number",
      "$value": 48,
      "$extensions": {
        "com.figma.variableId": "VariableID:17135:56241",
        "com.figma.hiddenFromPublishing": true,
        "com.figma.scopes": [
          "ALL_SCOPES"
        ],
        "com.figma.aliasData": {
          "targetVariableId": "VariableID:454a3835a8df535504a12c7e4e89ba2748832c50/82:335",
          "targetVariableName": "opacity/48",
          "targetVariableSetId": "VariableCollectionId:433e182a0b86bf16dd1ed62dacdbd3d3d2025110/82:74",
          "targetVariableSetName": "Primitives (Core)"
        },
        "com.figma.isOverride": true
      }
    }
  },
  "layout": {
    "sm": {
      "$type": "number",
      "$value": 80,
      "$extensions": {
        "com.figma.variableId": "VariableID:18875:85596",
        "com.figma.hiddenFromPublishing": true,
        "com.figma.scopes": [
          "TEXT_CONTENT",
          "WIDTH_HEIGHT",
          "GAP"
        ],
        "com.figma.aliasData": {
          "targetVariableId": "VariableID:090b5f4f7bb2e574f77e38db359213af413a7b3f/82:295",
          "targetVariableName": "spacing/80",
          "targetVariableSetId": "VariableCollectionId:433e182a0b86bf16dd1ed62dacdbd3d3d2025110/82:74",
          "targetVariableSetName": "Primitives (Core)"
        },
        "com.figma.isOverride": true
      }
    },
    "md": {
      "$type": "number",
      "$value": 96,
      "$extensions": {
        "com.figma.variableId": "VariableID:18875:85597",
        "com.figma.hiddenFromPublishing": true,
        "com.figma.scopes": [
          "TEXT_CONTENT",
          "WIDTH_HEIGHT",
          "GAP"
        ],
        "com.figma.aliasData": {
          "targetVariableId": "VariableID:6ec7fe0a64245280a4e37711cfb0b50a6ad55860/82:294",
          "targetVariableName": "spacing/96",
          "targetVariableSetId": "VariableCollectionId:433e182a0b86bf16dd1ed62dacdbd3d3d2025110/82:74",
          "targetVariableSetName": "Primitives (Core)"
        },
        "com.figma.isOverride": true
      }
    },
    "lg": {
      "$type": "number",
      "$value": 104,
      "$extensions": {
        "com.figma.variableId": "VariableID:18875:85598",
        "com.figma.hiddenFromPublishing": true,
        "com.figma.scopes": [
          "TEXT_CONTENT",
          "WIDTH_HEIGHT",
          "GAP"
        ],
        "com.figma.aliasData": {
          "targetVariableId": "VariableID:2244d3883bcff26488688f136be5a32e15e18586/82:293",
          "targetVariableName": "spacing/104",
          "targetVariableSetId": "VariableCollectionId:433e182a0b86bf16dd1ed62dacdbd3d3d2025110/82:74",
          "targetVariableSetName": "Primitives (Core)"
        },
        "com.figma.isOverride": true
      }
    },
    "xl": {
      "$type": "number",
      "$value": 124,
      "$extensions": {
        "com.figma.variableId": "VariableID:18875:85599",
        "com.figma.hiddenFromPublishing": true,
        "com.figma.scopes": [
          "TEXT_CONTENT",
          "WIDTH_HEIGHT",
          "GAP"
        ],
        "com.figma.aliasData": {
          "targetVariableId": "VariableID:78aaf237c521e58676f4ca4eceb45e3b9777a2d2/-1:-1",
          "targetVariableName": "spacing/124",
          "targetVariableSetId": "VariableCollectionId:c429e3eaec67551a757335a356da6c60dd4d9453/-1:-1",
          "targetVariableSetName": "Primitives / Core"
        },
        "com.figma.isOverride": true
      }
    },
    "2xl": {
      "$type": "number",
      "$value": 160,
      "$extensions": {
        "com.figma.variableId": "VariableID:18875:85600",
        "com.figma.hiddenFromPublishing": true,
        "com.figma.scopes": [
          "TEXT_CONTENT",
          "WIDTH_HEIGHT",
          "GAP"
        ],
        "com.figma.aliasData": {
          "targetVariableId": "VariableID:ac97771828aa7bb546456893cf7be7fde261d04e/-1:-1",
          "targetVariableName": "spacing/160",
          "targetVariableSetId": "VariableCollectionId:c429e3eaec67551a757335a356da6c60dd4d9453/-1:-1",
          "targetVariableSetName": "Primitives / Core"
        },
        "com.figma.isOverride": true
      }
    },
    "3xl": {
      "$type": "number",
      "$value": 240,
      "$extensions": {
        "com.figma.variableId": "VariableID:18875:85601",
        "com.figma.hiddenFromPublishing": true,
        "com.figma.scopes": [
          "TEXT_CONTENT",
          "WIDTH_HEIGHT",
          "GAP"
        ],
        "com.figma.aliasData": {
          "targetVariableId": "VariableID:c17508d50d387fb7b5715cbfab31c1fc41863e6b/-1:-1",
          "targetVariableName": "spacing/240",
          "targetVariableSetId": "VariableCollectionId:c429e3eaec67551a757335a356da6c60dd4d9453/-1:-1",
          "targetVariableSetName": "Primitives / Core"
        },
        "com.figma.isOverride": true
      }
    }
  },
  "spacing": {
    "none": {
      "$type": "number",
      "$value": 0,
      "$extensions": {
        "com.figma.variableId": "VariableID:17135:56234",
        "com.figma.hiddenFromPublishing": true,
        "com.figma.scopes": [
          "TEXT_CONTENT",
          "WIDTH_HEIGHT",
          "GAP"
        ],
        "com.figma.aliasData": {
          "targetVariableId": "VariableID:e158a0cfb14e41bc5abc94e5fbd46f7e02e921b4/82:298",
          "targetVariableName": "spacing/0",
          "targetVariableSetId": "VariableCollectionId:433e182a0b86bf16dd1ed62dacdbd3d3d2025110/82:74",
          "targetVariableSetName": "Primitives (Core)"
        },
        "com.figma.isOverride": true
      }
    },
    "3xs": {
      "$type": "number",
      "$value": 2,
      "$extensions": {
        "com.figma.variableId": "VariableID:17135:56239",
        "com.figma.hiddenFromPublishing": true,
        "com.figma.scopes": [
          "TEXT_CONTENT",
          "WIDTH_HEIGHT",
          "GAP"
        ],
        "com.figma.aliasData": {
          "targetVariableId": "VariableID:70223a32833931f7a86ae227a65e64e4eb22c09a/82:299",
          "targetVariableName": "spacing/2",
          "targetVariableSetId": "VariableCollectionId:433e182a0b86bf16dd1ed62dacdbd3d3d2025110/82:74",
          "targetVariableSetName": "Primitives (Core)"
        },
        "com.figma.isOverride": true
      }
    },
    "2xs": {
      "$type": "number",
      "$value": 4,
      "$extensions": {
        "com.figma.variableId": "VariableID:17135:56235",
        "com.figma.hiddenFromPublishing": true,
        "com.figma.scopes": [
          "TEXT_CONTENT",
          "WIDTH_HEIGHT",
          "GAP"
        ],
        "com.figma.aliasData": {
          "targetVariableId": "VariableID:00e6ff1edead973a5e3d68801579b3419bde8c5b/82:296",
          "targetVariableName": "spacing/4",
          "targetVariableSetId": "VariableCollectionId:433e182a0b86bf16dd1ed62dacdbd3d3d2025110/82:74",
          "targetVariableSetName": "Primitives (Core)"
        },
        "com.figma.isOverride": true
      }
    },
    "xs": {
      "$type": "number",
      "$value": 8,
      "$extensions": {
        "com.figma.variableId": "VariableID:17135:56231",
        "com.figma.hiddenFromPublishing": true,
        "com.figma.scopes": [
          "TEXT_CONTENT",
          "WIDTH_HEIGHT",
          "GAP"
        ],
        "com.figma.aliasData": {
          "targetVariableId": "VariableID:23b71ce10083ad36573b40200d015a3a1bdfd837/82:292",
          "targetVariableName": "spacing/8",
          "targetVariableSetId": "VariableCollectionId:433e182a0b86bf16dd1ed62dacdbd3d3d2025110/82:74",
          "targetVariableSetName": "Primitives (Core)"
        },
        "com.figma.isOverride": true
      }
    },
    "sm": {
      "$type": "number",
      "$value": 12,
      "$extensions": {
        "com.figma.variableId": "VariableID:17135:56226",
        "com.figma.hiddenFromPublishing": true,
        "com.figma.scopes": [
          "TEXT_CONTENT",
          "WIDTH_HEIGHT",
          "GAP"
        ],
        "com.figma.aliasData": {
          "targetVariableId": "VariableID:9c7262592f76d24c2eabd943847c92c67625dd37/82:290",
          "targetVariableName": "spacing/12",
          "targetVariableSetId": "VariableCollectionId:433e182a0b86bf16dd1ed62dacdbd3d3d2025110/82:74",
          "targetVariableSetName": "Primitives (Core)"
        },
        "com.figma.isOverride": true
      }
    },
    "md": {
      "$type": "number",
      "$value": 16,
      "$extensions": {
        "com.figma.variableId": "VariableID:17135:56222",
        "com.figma.hiddenFromPublishing": true,
        "com.figma.scopes": [
          "TEXT_CONTENT",
          "WIDTH_HEIGHT",
          "GAP"
        ],
        "com.figma.aliasData": {
          "targetVariableId": "VariableID:8eead77f77565d8aca2a26eb52c132fccace073d/82:297",
          "targetVariableName": "spacing/16",
          "targetVariableSetId": "VariableCollectionId:433e182a0b86bf16dd1ed62dacdbd3d3d2025110/82:74",
          "targetVariableSetName": "Primitives (Core)"
        },
        "com.figma.isOverride": true
      }
    },
    "lg": {
      "$type": "number",
      "$value": 24,
      "$extensions": {
        "com.figma.variableId": "VariableID:17135:56209",
        "com.figma.hiddenFromPublishing": true,
        "com.figma.scopes": [
          "TEXT_CONTENT",
          "WIDTH_HEIGHT",
          "GAP"
        ],
        "com.figma.aliasData": {
          "targetVariableId": "VariableID:fb902c32cb8ef1e272e02afd1e9836065e3d0f28/82:287",
          "targetVariableName": "spacing/24",
          "targetVariableSetId": "VariableCollectionId:433e182a0b86bf16dd1ed62dacdbd3d3d2025110/82:74",
          "targetVariableSetName": "Primitives (Core)"
        },
        "com.figma.isOverride": true
      }
    },
    "xl": {
      "$type": "number",
      "$value": 32,
      "$extensions": {
        "com.figma.variableId": "VariableID:17135:56238",
        "com.figma.hiddenFromPublishing": true,
        "com.figma.scopes": [
          "TEXT_CONTENT",
          "WIDTH_HEIGHT",
          "GAP"
        ],
        "com.figma.aliasData": {
          "targetVariableId": "VariableID:97572a4cd1203f6d6858a403c101b60e9245a737/82:288",
          "targetVariableName": "spacing/32",
          "targetVariableSetId": "VariableCollectionId:433e182a0b86bf16dd1ed62dacdbd3d3d2025110/82:74",
          "targetVariableSetName": "Primitives (Core)"
        },
        "com.figma.isOverride": true
      }
    },
    "2xl": {
      "$type": "number",
      "$value": 40,
      "$extensions": {
        "com.figma.variableId": "VariableID:17135:56213",
        "com.figma.hiddenFromPublishing": true,
        "com.figma.scopes": [
          "TEXT_CONTENT",
          "WIDTH_HEIGHT",
          "GAP"
        ],
        "com.figma.aliasData": {
          "targetVariableId": "VariableID:fb85ffde37c290f4533571c16fe9bf6d9754690e/82:286",
          "targetVariableName": "spacing/40",
          "targetVariableSetId": "VariableCollectionId:433e182a0b86bf16dd1ed62dacdbd3d3d2025110/82:74",
          "targetVariableSetName": "Primitives (Core)"
        },
        "com.figma.isOverride": true
      }
    },
    "3xl": {
      "$type": "number",
      "$value": 48,
      "$extensions": {
        "com.figma.variableId": "VariableID:17135:56219",
        "com.figma.hiddenFromPublishing": true,
        "com.figma.scopes": [
          "TEXT_CONTENT",
          "WIDTH_HEIGHT",
          "GAP"
        ],
        "com.figma.aliasData": {
          "targetVariableId": "VariableID:daa66a03d77e15b9bcf54fa6c6591ced011e9af9/82:289",
          "targetVariableName": "spacing/48",
          "targetVariableSetId": "VariableCollectionId:433e182a0b86bf16dd1ed62dacdbd3d3d2025110/82:74",
          "targetVariableSetName": "Primitives (Core)"
        },
        "com.figma.isOverride": true
      }
    },
    "4xl": {
      "$type": "number",
      "$value": 64,
      "$extensions": {
        "com.figma.variableId": "VariableID:17135:56216",
        "com.figma.hiddenFromPublishing": true,
        "com.figma.scopes": [
          "TEXT_CONTENT",
          "WIDTH_HEIGHT",
          "GAP"
        ],
        "com.figma.aliasData": {
          "targetVariableId": "VariableID:f33cf2487c3d7ac6151a51d2629f96954b0d7985/82:291",
          "targetVariableName": "spacing/64",
          "targetVariableSetId": "VariableCollectionId:433e182a0b86bf16dd1ed62dacdbd3d3d2025110/82:74",
          "targetVariableSetName": "Primitives (Core)"
        },
        "com.figma.isOverride": true
      }
    }
  },
  "font-family": {
    "default": {
      "$type": "string",
      "$value": "Adobe Clean",
      "$extensions": {
        "com.figma.variableId": "VariableID:17135:56215",
        "com.figma.hiddenFromPublishing": true,
        "com.figma.scopes": [
          "FONT_FAMILY"
        ],
        "com.figma.type": "string",
        "com.figma.isOverride": true
      }
    }
  },
  "font-size": {
    "3xs": {
      "$type": "number",
      "$value": 10,
      "$extensions": {
        "com.figma.variableId": "VariableID:17135:56211",
        "com.figma.hiddenFromPublishing": true,
        "com.figma.scopes": [
          "FONT_SIZE"
        ],
        "com.figma.isOverride": true
      }
    },
    "2xs": {
      "$type": "number",
      "$value": 11,
      "$extensions": {
        "com.figma.variableId": "VariableID:17135:56197",
        "com.figma.hiddenFromPublishing": true,
        "com.figma.scopes": [
          "FONT_SIZE"
        ],
        "com.figma.isOverride": true
      }
    },
    "xs": {
      "$type": "number",
      "$value": 12,
      "$extensions": {
        "com.figma.variableId": "VariableID:17135:56200",
        "com.figma.hiddenFromPublishing": true,
        "com.figma.scopes": [
          "FONT_SIZE"
        ],
        "com.figma.isOverride": true
      }
    },
    "sm": {
      "$type": "number",
      "$value": 14,
      "$extensions": {
        "com.figma.variableId": "VariableID:17135:56210",
        "com.figma.hiddenFromPublishing": true,
        "com.figma.scopes": [
          "FONT_SIZE"
        ],
        "com.figma.isOverride": true
      }
    },
    "md": {
      "$type": "number",
      "$value": 16,
      "$extensions": {
        "com.figma.variableId": "VariableID:17135:56208",
        "com.figma.hiddenFromPublishing": true,
        "com.figma.scopes": [
          "FONT_SIZE"
        ],
        "com.figma.isOverride": true
      }
    },
    "lg": {
      "$type": "number",
      "$value": 18,
      "$extensions": {
        "com.figma.variableId": "VariableID:17135:56223",
        "com.figma.hiddenFromPublishing": true,
        "com.figma.scopes": [
          "FONT_SIZE"
        ],
        "com.figma.isOverride": true
      }
    },
    "xl": {
      "$type": "number",
      "$value": 20,
      "$extensions": {
        "com.figma.variableId": "VariableID:17135:56229",
        "com.figma.hiddenFromPublishing": true,
        "com.figma.scopes": [
          "FONT_SIZE"
        ],
        "com.figma.isOverride": true
      }
    },
    "2xl": {
      "$type": "number",
      "$value": 22,
      "$extensions": {
        "com.figma.variableId": "VariableID:17135:56202",
        "com.figma.hiddenFromPublishing": true,
        "com.figma.scopes": [
          "FONT_SIZE"
        ],
        "com.figma.isOverride": true
      }
    },
    "3xl": {
      "$type": "number",
      "$value": 24,
      "$extensions": {
        "com.figma.variableId": "VariableID:17135:56198",
        "com.figma.hiddenFromPublishing": true,
        "com.figma.scopes": [
          "FONT_SIZE"
        ],
        "com.figma.aliasData": {
          "targetVariableId": "VariableID:4432b31b9548d6af8cd0a8a9e9324d778bdcc656/-1:-1",
          "targetVariableName": "typography/font-size/24",
          "targetVariableSetId": "VariableCollectionId:c429e3eaec67551a757335a356da6c60dd4d9453/-1:-1",
          "targetVariableSetName": "Primitives / Core"
        },
        "com.figma.isOverride": true
      }
    },
    "4xl": {
      "$type": "number",
      "$value": 28,
      "$extensions": {
        "com.figma.variableId": "VariableID:17135:56196",
        "com.figma.hiddenFromPublishing": true,
        "com.figma.scopes": [
          "FONT_SIZE"
        ],
        "com.figma.isOverride": true
      }
    },
    "5xl": {
      "$type": "number",
      "$value": 32,
      "$extensions": {
        "com.figma.variableId": "VariableID:17135:56207",
        "com.figma.hiddenFromPublishing": true,
        "com.figma.scopes": [
          "FONT_SIZE"
        ],
        "com.figma.isOverride": true
      }
    },
    "6xl": {
      "$type": "number",
      "$value": 36,
      "$extensions": {
        "com.figma.variableId": "VariableID:17135:56206",
        "com.figma.hiddenFromPublishing": true,
        "com.figma.scopes": [
          "FONT_SIZE"
        ],
        "com.figma.isOverride": true
      }
    },
    "7xl": {
      "$type": "number",
      "$value": 40,
      "$extensions": {
        "com.figma.variableId": "VariableID:17135:56195",
        "com.figma.hiddenFromPublishing": true,
        "com.figma.scopes": [
          "FONT_SIZE"
        ],
        "com.figma.isOverride": true
      }
    },
    "8xl": {
      "$type": "number",
      "$value": 45,
      "$extensions": {
        "com.figma.variableId": "VariableID:17135:56194",
        "com.figma.hiddenFromPublishing": true,
        "com.figma.scopes": [
          "FONT_SIZE"
        ],
        "com.figma.isOverride": true
      }
    },
    "9xl": {
      "$type": "number",
      "$value": 48,
      "$extensions": {
        "com.figma.variableId": "VariableID:17135:56201",
        "com.figma.hiddenFromPublishing": true,
        "com.figma.scopes": [
          "FONT_SIZE"
        ],
        "com.figma.isOverride": true
      }
    },
    "10xl": {
      "$type": "number",
      "$value": 51,
      "$extensions": {
        "com.figma.variableId": "VariableID:17135:56212",
        "com.figma.hiddenFromPublishing": true,
        "com.figma.scopes": [
          "FONT_SIZE"
        ],
        "com.figma.isOverride": true
      }
    },
    "11xl": {
      "$type": "number",
      "$value": 56,
      "$extensions": {
        "com.figma.variableId": "VariableID:17135:56193",
        "com.figma.hiddenFromPublishing": true,
        "com.figma.scopes": [
          "FONT_SIZE"
        ],
        "com.figma.aliasData": {
          "targetVariableId": "VariableID:ce6a3179fd560614965db145c4c9d564a9e7759b/-1:-1",
          "targetVariableName": "typography/font-size/56",
          "targetVariableSetId": "VariableCollectionId:c429e3eaec67551a757335a356da6c60dd4d9453/-1:-1",
          "targetVariableSetName": "Primitives / Core"
        },
        "com.figma.isOverride": true
      }
    },
    "12xl": {
      "$type": "number",
      "$value": 65,
      "$extensions": {
        "com.figma.variableId": "VariableID:17135:56218",
        "com.figma.hiddenFromPublishing": true,
        "com.figma.scopes": [
          "FONT_SIZE"
        ],
        "com.figma.isOverride": true
      }
    },
    "13xl": {
      "$type": "number",
      "$value": 72,
      "$extensions": {
        "com.figma.variableId": "VariableID:17135:56192",
        "com.figma.hiddenFromPublishing": true,
        "com.figma.scopes": [
          "FONT_SIZE"
        ],
        "com.figma.aliasData": {
          "targetVariableId": "VariableID:e8622305d06c48709aa72f051ce8036848f2826c/-1:-1",
          "targetVariableName": "typography/font-size/72",
          "targetVariableSetId": "VariableCollectionId:c429e3eaec67551a757335a356da6c60dd4d9453/-1:-1",
          "targetVariableSetName": "Primitives / Core"
        },
        "com.figma.isOverride": true
      }
    },
    "14xl": {
      "$type": "number",
      "$value": 82,
      "$extensions": {
        "com.figma.variableId": "VariableID:17135:56190",
        "com.figma.hiddenFromPublishing": true,
        "com.figma.scopes": [
          "FONT_SIZE"
        ],
        "com.figma.isOverride": true
      }
    },
    "16xl": {
      "$type": "number",
      "$value": 96,
      "$extensions": {
        "com.figma.variableId": "VariableID:18858:85420",
        "com.figma.hiddenFromPublishing": true,
        "com.figma.scopes": [
          "FONT_SIZE"
        ],
        "com.figma.aliasData": {
          "targetVariableId": "VariableID:acfc9eaa2a3c9150642d4cf2aa90b68135c61c54/-1:-1",
          "targetVariableName": "typography/font-size/96",
          "targetVariableSetId": "VariableCollectionId:c429e3eaec67551a757335a356da6c60dd4d9453/-1:-1",
          "targetVariableSetName": "Primitives / Core"
        },
        "com.figma.isOverride": true
      }
    }
  },
  "line-height": {
    "3xs": {
      "$type": "number",
      "$value": 12,
      "$extensions": {
        "com.figma.variableId": "VariableID:17135:56232",
        "com.figma.hiddenFromPublishing": true,
        "com.figma.scopes": [
          "LINE_HEIGHT"
        ],
        "com.figma.isOverride": true
      }
    },
    "2xs": {
      "$type": "number",
      "$value": 14,
      "$extensions": {
        "com.figma.variableId": "VariableID:17135:56203",
        "com.figma.hiddenFromPublishing": true,
        "com.figma.scopes": [
          "LINE_HEIGHT"
        ],
        "com.figma.isOverride": true
      }
    },
    "xs": {
      "$type": "number",
      "$value": 16,
      "$extensions": {
        "com.figma.variableId": "VariableID:17135:56199",
        "com.figma.hiddenFromPublishing": true,
        "com.figma.scopes": [
          "LINE_HEIGHT"
        ],
        "com.figma.isOverride": true
      }
    },
    "sm": {
      "$type": "number",
      "$value": 18,
      "$extensions": {
        "com.figma.variableId": "VariableID:17135:56214",
        "com.figma.hiddenFromPublishing": true,
        "com.figma.scopes": [
          "LINE_HEIGHT"
        ],
        "com.figma.isOverride": true
      }
    },
    "md": {
      "$type": "number",
      "$value": 20,
      "$extensions": {
        "com.figma.variableId": "VariableID:17135:56233",
        "com.figma.hiddenFromPublishing": true,
        "com.figma.scopes": [
          "LINE_HEIGHT"
        ],
        "com.figma.isOverride": true
      }
    },
    "lg": {
      "$type": "number",
      "$value": 22,
      "$extensions": {
        "com.figma.variableId": "VariableID:17135:56187",
        "com.figma.hiddenFromPublishing": true,
        "com.figma.scopes": [
          "LINE_HEIGHT"
        ],
        "com.figma.isOverride": true
      }
    },
    "xl": {
      "$type": "number",
      "$value": 24,
      "$extensions": {
        "com.figma.variableId": "VariableID:17135:56184",
        "com.figma.hiddenFromPublishing": true,
        "com.figma.scopes": [
          "LINE_HEIGHT"
        ],
        "com.figma.isOverride": true
      }
    },
    "2xl": {
      "$type": "number",
      "$value": 26,
      "$extensions": {
        "com.figma.variableId": "VariableID:17135:56225",
        "com.figma.hiddenFromPublishing": true,
        "com.figma.scopes": [
          "LINE_HEIGHT"
        ],
        "com.figma.isOverride": true
      }
    },
    "3xl": {
      "$type": "number",
      "$value": 30,
      "$extensions": {
        "com.figma.variableId": "VariableID:17135:56217",
        "com.figma.hiddenFromPublishing": true,
        "com.figma.scopes": [
          "LINE_HEIGHT"
        ],
        "com.figma.isOverride": true
      }
    },
    "4xl": {
      "$type": "number",
      "$value": 32,
      "$extensions": {
        "com.figma.variableId": "VariableID:17135:56183",
        "com.figma.hiddenFromPublishing": true,
        "com.figma.scopes": [
          "LINE_HEIGHT"
        ],
        "com.figma.isOverride": true
      }
    },
    "5xl": {
      "$type": "number",
      "$value": 36,
      "$extensions": {
        "com.figma.variableId": "VariableID:17135:56182",
        "com.figma.hiddenFromPublishing": true,
        "com.figma.scopes": [
          "LINE_HEIGHT"
        ],
        "com.figma.isOverride": true
      }
    },
    "6xl": {
      "$type": "number",
      "$value": 42,
      "$extensions": {
        "com.figma.variableId": "VariableID:17135:56181",
        "com.figma.hiddenFromPublishing": true,
        "com.figma.scopes": [
          "LINE_HEIGHT"
        ],
        "com.figma.isOverride": true
      }
    },
    "7xl": {
      "$type": "number",
      "$value": 46,
      "$extensions": {
        "com.figma.variableId": "VariableID:17135:56180",
        "com.figma.hiddenFromPublishing": true,
        "com.figma.scopes": [
          "LINE_HEIGHT"
        ],
        "com.figma.isOverride": true
      }
    },
    "8xl": {
      "$type": "number",
      "$value": 52,
      "$extensions": {
        "com.figma.variableId": "VariableID:17135:56179",
        "com.figma.hiddenFromPublishing": true,
        "com.figma.scopes": [
          "LINE_HEIGHT"
        ],
        "com.figma.isOverride": true
      }
    },
    "9xl": {
      "$type": "number",
      "$value": 54,
      "$extensions": {
        "com.figma.variableId": "VariableID:17135:56230",
        "com.figma.hiddenFromPublishing": true,
        "com.figma.scopes": [
          "LINE_HEIGHT"
        ],
        "com.figma.isOverride": true
      }
    },
    "10xl": {
      "$type": "number",
      "$value": 58,
      "$extensions": {
        "com.figma.variableId": "VariableID:17135:56237",
        "com.figma.hiddenFromPublishing": true,
        "com.figma.scopes": [
          "LINE_HEIGHT"
        ],
        "com.figma.isOverride": true
      }
    },
    "11xl": {
      "$type": "number",
      "$value": 66,
      "$extensions": {
        "com.figma.variableId": "VariableID:17135:56178",
        "com.figma.hiddenFromPublishing": true,
        "com.figma.scopes": [
          "LINE_HEIGHT"
        ],
        "com.figma.isOverride": true
      }
    },
    "12xl": {
      "$type": "number",
      "$value": 74,
      "$extensions": {
        "com.figma.variableId": "VariableID:17135:56177",
        "com.figma.hiddenFromPublishing": true,
        "com.figma.scopes": [
          "LINE_HEIGHT"
        ],
        "com.figma.isOverride": true
      }
    },
    "13xl": {
      "$type": "number",
      "$value": 84,
      "$extensions": {
        "com.figma.variableId": "VariableID:17135:56191",
        "com.figma.hiddenFromPublishing": true,
        "com.figma.scopes": [
          "LINE_HEIGHT"
        ],
        "com.figma.isOverride": true
      }
    },
    "14xl": {
      "$type": "number",
      "$value": 95,
      "$extensions": {
        "com.figma.variableId": "VariableID:17135:56176",
        "com.figma.hiddenFromPublishing": true,
        "com.figma.scopes": [
          "LINE_HEIGHT"
        ],
        "com.figma.isOverride": true
      }
    }
  },
  "color": {
    "brand": {
      "adobe-red": {
        "$type": "color",
        "$value": {
          "colorSpace": "srgb",
          "components": [
            0.9215686321258545,
            0.062745101749897,
            0
          ],
          "alpha": 1,
          "hex": "#EB1000"
        },
        "$extensions": {
          "com.figma.variableId": "VariableID:17135:56174",
          "com.figma.hiddenFromPublishing": true,
          "com.figma.scopes": [
            "ALL_SCOPES"
          ],
          "com.figma.isOverride": true
        }
      },
      "cc-3dar": {
        "$type": "color",
        "$value": {
          "colorSpace": "srgb",
          "components": [
            0.6000000238418579,
            0.9098039269447327,
            0.24705882370471954
          ],
          "alpha": 1,
          "hex": "#99E83F"
        },
        "$extensions": {
          "com.figma.variableId": "VariableID:17135:56175",
          "com.figma.hiddenFromPublishing": true,
          "com.figma.scopes": [
            "ALL_SCOPES"
          ],
          "com.figma.isOverride": true
        }
      },
      "cc-il": {
        "$type": "color",
        "$value": {
          "colorSpace": "srgb",
          "components": [
            1,
            0.6039215922355652,
            0
          ],
          "alpha": 1,
          "hex": "#FF9A00"
        },
        "$extensions": {
          "com.figma.variableId": "VariableID:17135:56227",
          "com.figma.hiddenFromPublishing": true,
          "com.figma.scopes": [
            "ALL_SCOPES"
          ],
          "com.figma.isOverride": true
        }
      },
      "cc-ppafx": {
        "$type": "color",
        "$value": {
          "colorSpace": "srgb",
          "components": [
            0.6000000238418579,
            0.6000000238418579,
            1
          ],
          "alpha": 1,
          "hex": "#9999FF"
        },
        "$extensions": {
          "com.figma.variableId": "VariableID:17135:56244",
          "com.figma.hiddenFromPublishing": true,
          "com.figma.scopes": [
            "ALL_SCOPES"
          ],
          "com.figma.isOverride": true
        }
      },
      "cc-ps": {
        "$type": "color",
        "$value": {
          "colorSpace": "srgb",
          "components": [
            0.22745098173618317,
            0.0941176488995552,
            1
          ],
          "alpha": 1,
          "hex": "#3A18FF"
        },
        "$extensions": {
          "com.figma.variableId": "VariableID:17135:56224",
          "com.figma.hiddenFromPublishing": true,
          "com.figma.scopes": [
            "ALL_SCOPES"
          ],
          "com.figma.isOverride": true
        }
      }
    }
  },
  "$extensions": {
    "com.figma.modeName": "Mode 1"
  }
}