{
  "storyGenerationRules": {
    "navigationStructure": {
      "name": "Story Navigation Structure",
      "priority": "HIGH",
      "rule": "All generated stories MUST be placed under the 'Generated' section in Storybook navigation",
      "implementation": {
        "requirement": "Story title must be prefixed with 'Generated/'",
        "example": "title: 'Generated/My Story Name'",
        "enforcement": "Automatic via storyPrefix configuration"
      },
      "rationale": "Keeps generated stories organized and separate from manually created stories"
    },
    "titleFormat": {
      "name": "Story Title Format",
      "rule": "Story titles should be human-readable without technical prefixes",
      "examples": {
        "good": ["Recipe Card", "User Profile", "Navigation Menu"],
        "avoid": ["Generate Recipe Card", "Build User Profile", "Create Navigation Menu"]
      }
    },
    "fileNaming": {
      "name": "Generated File Naming",
      "rule": "Story files should use kebab-case with a unique hash suffix",
      "format": "[descriptive-name]-[8-char-hash].stories.tsx",
      "example": "recipe-card-f7bca0c5.stories.tsx"
    }
  }
}
