{
  "shadow": {
    "level-1": {
      "x": { "value": "0px" },
      "y": { "value": "1px" },
      "blur": { "value": "6px" },
      "spread": { "value": "0px" },
      "color": { "value": "rgba(0, 0, 0, 0.12)" }
    },
    "level-2": {
      "x": { "value": "0px" },
      "y": { "value": "2px" },
      "blur": { "value": "8px" },
      "spread": { "value": "0px" },
      "color": { "value": "rgba(0, 0, 0, 0.16)" }
    },
    "level-3": {
      "x": { "value": "0px" },
      "y": { "value": "4px" },
      "blur": { "value": "12px" },
      "spread": { "value": "0px" },
      "color": { "value": "rgba(0, 0, 0, 0.16)" }
    },
    "level-4": {
      "x": { "value": "0px" },
      "y": { "value": "6px" },
      "blur": { "value": "16px" },
      "spread": { "value": "0px" },
      "color": { "value": "rgba(0, 0, 0, 0.16)" }
    }
  }
}
