{
    "color": {
      "gray": {
        "25": {
          "value": "#111111"
        },
        "50": {
          "value": "#1B1B1B"
        },
        "75": {
          "value": "#222222"
        },
        "100": {
          "value": "#2C2C2C"
        },
        "200": {
          "value": "#323232"
        },
        "300": {
          "value": "#393939"
        },
        "400": {
          "value": "#444444"
        },
        "500": {
          "value": "#6D6D6D"
        },
        "600": {
          "value": "#8A8A8A"
        },
        "700": {
          "value": "#AFAFAF"
        },
        "800": {
          "value": "#D8D8D8"
        },
        "900": {
          "value": "#F2F2F2"
        },
        "1000": {
          "value": "#FFFFFF"
        }
      },
      "green": {
        "100": {
          "value": "#001E17"
        },
        "200": {
          "value": "#00261D"
        },
        "300": {
          "value": "#003326"
        },
        "400": {
          "value": "#004430"
        },
        "500": {
          "value": "#02573A"
        },
        "600": {
          "value": "#036443"
        },
        "700": {
          "value": "#047C4B"
        },
        "800": {
          "value": "#068C52"
        },
        "900": {
          "value": "#099D59"
        },
        "1000": {
          "value": "#0EAF62"
        },
        "1100": {
          "value": "#18C16E"
        },
        "1200": {
          "value": "#39D786"
        },
        "1300": {
          "value": "#7EE7AC"
        },
        "1400": {
          "value": "#BDF1D0"
        },
        "1500": {
          "value": "#E5FAEC"
        },
        "1600": {
          "value": "#FFFFFF"
        }
      },
      "blue": {
        "100": {
          "value": "#0E173F"
        },
        "200": {
          "value": "#0F1C52"
        },
        "300": {
          "value": "#0C2175"
        },
        "400": {
          "value": "#122D9A"
        },
        "500": {
          "value": "#1A3AC3"
        },
        "600": {
          "value": "#2549E5"
        },
        "700": {
          "value": "#345BF8"
        },
        "800": {
          "value": "#456EFE"
        },
        "900": {
          "value": "#5681FF"
        },
        "1000": {
          "value": "#6995FE"
        },
        "1100": {
          "value": "#7CA9FC"
        },
        "1200": {
          "value": "#98C0FC"
        },
        "1300": {
          "value": "#B5D5FD"
        },
        "1400": {
          "value": "#D5E7FE"
        },
        "1500": {
          "value": "#EEF5FF"
        },
        "1600": {
          "value": "#FFFFFF"
        }
      },
      "red": {
        "100": {
          "value": "#360A03"
        },
        "200": {
          "value": "#440D05"
        },
        "300": {
          "value": "#57110B"
        },
        "400": {
          "value": "#73180B"
        },
        "500": {
          "value": "#931F11"
        },
        "600": {
          "value": "#B12617"
        },
        "700": {
          "value": "#CD2E1D"
        },
        "800": {
          "value": "#E63623"
        },
        "900": {
          "value": "#FC432E"
        },
        "1000": {
          "value": "#FF6756"
        },
        "1100": {
          "value": "#FF8678"
        },
        "1200": {
          "value": "#FFA79D"
        },
        "1300": {
          "value": "#FFC4BD"
        },
        "1400": {
          "value": "#FFDEDB"
        },
        "1500": {
          "value": "#FFF2F0"
        },
        "1600": {
          "value": "#FFFFFF"
        }
      },
      "orange": {
        "100": {
          "value": "#311000"
        },
        "200": {
          "value": "#3D1500"
        },
        "300": {
          "value": "#501B00"
        },
        "400": {
          "value": "#6A2400"
        },
        "500": {
          "value": "#872F00"
        },
        "600": {
          "value": "#A23B00"
        },
        "700": {
          "value": "#B94900"
        },
        "800": {
          "value": "#CD5600"
        },
        "900": {
          "value": "#E06400"
        },
        "1000": {
          "value": "#F37500"
        },
        "1100": {
          "value": "#FF8900"
        },
        "1200": {
          "value": "#FFAD2D"
        },
        "1300": {
          "value": "#FFC974"
        },
        "1400": {
          "value": "#FFE1B2"
        },
        "1500": {
          "value": "#FFF3E1"
        },
        "1600": {
          "value": "#FFFFFF"
        }
      },
      "yellow": {
        "100": {
          "value": "#251700"
        },
        "200": {
          "value": "#2F1D00"
        },
        "300": {
          "value": "#3D2700"
        },
        "400": {
          "value": "#533400"
        },
        "500": {
          "value": "#6B4300"
        },
        "600": {
          "value": "#825200"
        },
        "700": {
          "value": "#976100"
        },
        "800": {
          "value": "#A96E00"
        },
        "900": {
          "value": "#BA7C00"
        },
        "1000": {
          "value": "#DA9F00"
        },
        "1100": {
          "value": "#EBB700"
        },
        "1200": {
          "value": "#F9CE00"
        },
        "1300": {
          "value": "#FFE656"
        },
        "1400": {
          "value": "#FFF6C3"
        },
        "1500": {
          "value": "#FFF6C3"
        },
        "1600": {
          "value": "#FFFFFF"
        }
      }
    }
  }