{
    "color": {
      "gray": {
        "25": {
          "value": "#FFFFFF"
        },
        "50": {
          "value": "#F8F8F8"
        },
        "75": {
          "value": "#F3F3F3"
        },
        "100": {
          "value": "#E9E9E9"
        },
        "200": {
          "value": "#E1E1E1"
        },
        "300": {
          "value": "#DADADA"
        },
        "400": {
          "value": "#C6C6C6"
        },
        "500": {
          "value": "#8F8F8F"
        },
        "600": {
          "value": "#717171"
        },
        "700": {
          "value": "#505050"
        },
        "800": {
          "value": "#292929"
        },
        "900": {
          "value": "#131313"
        },
        "1000": {
          "value": "#000000"
        }
      },
      "green": {
        "100": {
          "value": "#EDFCF1"
        },
        "200": {
          "value": "#D7F7E1"
        },
        "300": {
          "value": "#ADEEC5"
        },
        "400": {
          "value": "#6BE3A2"
        },
        "500": {
          "value": "#2BD17D"
        },
        "600": {
          "value": "#12B867"
        },
        "700": {
          "value": "#0BA45D"
        },
        "800": {
          "value": "#079355"
        },
        "900": {
          "value": "#05834E"
        },
        "1000": {
          "value": "#036E45"
        },
        "1100": {
          "value": "#025D3C"
        },
        "1200": {
          "value": "#014C34"
        },
        "1300": {
          "value": "#003D2C"
        },
        "1400": {
          "value": "#002E22"
        },
        "1500": {
          "value": "#002119"
        },
        "1600": {
          "value": "#000F0C"
        }
      },
      "blue": {
        "100": {
          "value": "#EEFAFE"
        },
        "200": {
          "value": "#D9F4FD"
        },
        "300": {
          "value": "#B7E7FC"
        },
        "400": {
          "value": "#8AD5FF"
        },
        "500": {
          "value": "#5CC0FF"
        },
        "600": {
          "value": "#30A7FE"
        },
        "700": {
          "value": "#1D95E7"
        },
        "800": {
          "value": "#1286CD"
        },
        "900": {
          "value": "#0B78B3"
        },
        "1000": {
          "value": "#046691"
        },
        "1100": {
          "value": "#005779"
        },
        "1200": {
          "value": "#004762"
        },
        "1300": {
          "value": "#00394E"
        },
        "1400": {
          "value": "#002BBB"
        },
        "1500": {
          "value": "#001F2B"
        },
        "1600": {
          "value": "#000E14"
        }
      },
      "red": {
        "100": {
          "value": "#FFF6F5"
        },
        "200": {
          "value": "#FFEBE8"
        },
        "300": {
          "value": "#FFD6D1"
        },
        "400": {
          "value": "#FFBCB4"
        },
        "500": {
          "value": "#FF9D91"
        },
        "600": {
          "value": "#FF7665"
        },
        "700": {
          "value": "#FF513D"
        },
        "800": {
          "value": "#F03823"
        },
        "900": {
          "value": "#D73220"
        },
        "1000": {
          "value": "#B72818"
        },
        "1100": {
          "value": "#9C2113"
        },
        "1200": {
          "value": "#811B0E"
        },
        "1300": {
          "value": "#68150A"
        },
        "1400": {
          "value": "#501006"
        },
        "1500": {
          "value": "#3B0B04"
        },
        "1600": {
          "value": "#1D0502"
        }
      },
      "orange": {
        "100": {
          "value": "#FFF6E7"
        },
        "200": {
          "value": "#FFECCF"
        },
        "300": {
          "value": "#FFDA9E"
        },
        "400": {
          "value": "#FFC15E"
        },
        "500": {
          "value": "#FFA213"
        },
        "600": {
          "value": "#FC7D00"
        },
        "700": {
          "value": "#E86A00"
        },
        "800": {
          "value": "#D45B00"
        },
        "900": {
          "value": "#C24E00"
        },
        "1000": {
          "value": "#A73E00"
        },
        "1100": {
          "value": "#903300"
        },
        "1200": {
          "value": "#762900"
        },
        "1300": {
          "value": "#5F2000"
        },
        "1400": {
          "value": "#491800"
        },
        "1500": {
          "value": "#341200"
        },
        "1600": {
          "value": "#190800"
        }
      },
      "yellow": {
        "100": {
          "value": "#FFF8CC"
        },
        "200": {
          "value": "#FFF197"
        },
        "300": {
          "value": "#FFDE2C"
        },
        "400": {
          "value": "#F5C700"
        },
        "500": {
          "value": "#E6AF00"
        },
        "600": {
          "value": "#D29500"
        },
        "700": {
          "value": "#C18300"
        },
        "800": {
          "value": "#AF7400"
        },
        "900": {
          "value": "#9E6600"
        },
        "1000": {
          "value": "#865500"
        },
        "1100": {
          "value": "#724800"
        },
        "1200": {
          "value": "#5D3B00"
        },
        "1300": {
          "value": "#4B2F00"
        },
        "1400": {
          "value": "#382300"
        },
        "1500": {
          "value": "#281900"
        },
        "1600": {
          "value": "#120B00"
        }
      }
    }
  }